Time;Type;Volume;Symbol;Price;S/L;T/P;Time;Price;Commission;Swap;Profit;Comment
2022.11.23 17:00:41;Buy;1.16;EURCAD;1.38834;;;2022.11.23 17:21:14;1.38733;-2.40;;-87.44;
2022.11.23 15:20:00;Buy;1.22;EURCAD;1.38583;;;2022.11.23 17:21:14;1.38733;-2.52;;136.57;
2022.11.22 02:13:53;Sell;1.19;EURGBP;0.86579;;;2022.11.23 17:21:13;0.86156;-2.44;0.29;604.98;
2022.11.21 10:30:01;Sell;1.18;EURGBP;0.86739;;;2022.11.23 17:21:13;0.86157;-2.42;0.58;825.39;
2022.11.22 14:25:01;Sell;1.17;EURGBP;0.86410;;;2022.11.23 17:21:12;0.86152;-2.40;0.29;362.78;
2022.11.23 15:40:00;Sell;1.22;EURGBP;0.86257;;;2022.11.23 17:21:11;0.86158;-2.52;;145.16;
2022.11.23 09:30:00;Sell;1.09;USDCHF;0.95033;;;2022.11.23 17:21:11;0.94490;-2.18;;626.38;
2022.11.23 16:50:01;Sell;1.19;USDCHF;0.94581;;;2022.11.23 17:21:10;0.94488;-2.38;;117.13;
2022.11.23 15:15:02;Sell;1.21;USDCHF;0.94872;;;2022.11.23 17:21:10;0.94489;-2.42;;490.46;
2022.11.21 10:55:00;Sell;1.18;AUDUSD;0.66252;;;2022.11.23 16:51:08;0.66961;-1.56;-5.90;-836.62;
2022.11.21 09:30:00;Sell;1.18;AUDUSD;0.66403;;;2022.11.23 16:51:08;0.66958;-1.57;-5.90;-654.90;
2022.11.21 17:55:00;Sell;1.20;AUDUSD;0.65931;;;2022.11.23 16:51:07;0.66966;-1.58;-6.00;-1 242.00;
2022.11.21 11:45:01;Sell;1.21;AUDUSD;0.66088;;;2022.11.23 16:51:07;0.66964;-1.60;-6.06;-1 059.96;
2022.11.21 11:30:02;Buy;1.20;NZDJPY;86.575;;;2022.11.23 12:50:07;87.254;-1.47;1.46;575.98;
2022.11.22 10:28:17;Buy;1.17;NZDJPY;86.986;;;2022.11.23 12:50:06;87.257;-1.44;1.95;224.14;
2022.11.21 14:25:02;Buy;1.20;NZDJPY;86.830;;;2022.11.23 12:50:06;87.254;-1.47;1.46;359.67;
2022.11.23 03:10:00;Buy;1.12;NZDJPY;87.222;;;2022.11.23 12:50:05;87.251;-1.38;;22.96;
2022.11.18 09:45:01;Buy;1.13;NZDJPY;86.259;;;2022.11.18 17:55:55;86.286;-1.39;;21.82;
2022.11.18 04:25:03;Buy;1.12;EURCHF;0.98734;;;2022.11.18 17:55:55;0.98532;-2.32;;-237.93;
2022.11.18 10:50:01;Buy;1.11;NZDJPY;86.467;;;2022.11.18 17:55:54;86.286;-1.37;;-143.63;
2022.11.18 10:00:01;Buy;1.12;GBPCAD;1.58739;;;2022.11.18 17:55:54;1.59702;-2.67;;805.79;
2022.11.18 11:20:03;Buy;1.13;GBPCAD;1.58957;;;2022.11.18 17:55:53;1.59699;-2.69;;626.41;
2022.11.18 14:50:00;Buy;1.16;NZDJPY;86.633;;;2022.11.18 17:55:52;86.286;-1.43;;-287.76;
2022.11.18 11:35:00;Buy;1.16;GBPCAD;1.59176;;;2022.11.18 17:55:52;1.59700;-2.77;;454.11;
2022.11.18 17:20:01;Buy;1.10;GBPCAD;1.59387;;;2022.11.18 17:55:51;1.59702;-2.62;;258.87;
2022.11.18 15:35:02;Buy;1.18;EURCHF;0.98888;;;2022.11.18 17:55:51;0.98531;-2.45;;-443.02;
2022.11.18 17:45:01;Buy;1.15;GBPCAD;1.59569;;;2022.11.18 17:55:50;1.59701;-2.74;;113.41;
2022.11.14 11:00:01;Buy;1.07;AUDCAD;0.88923;;;2022.11.15 12:47:52;0.89770;-1.43;-4.11;682.86;
2022.11.14 17:40:01;Buy;1.07;AUDCAD;0.89121;;;2022.11.15 12:47:51;0.89773;-1.44;-4.11;525.65;
2022.11.14 15:05:01;Buy;1.06;CHFJPY;148.511;;;2022.11.15 12:47:51;148.319;-2.24;-4.46;-146.13;
2022.11.14 18:25:01;Buy;1.07;CHFJPY;148.684;;;2022.11.15 12:47:50;148.324;-2.27;-4.50;-276.59;
2022.11.14 19:35:01;Buy;1.12;CHFJPY;149.091;;;2022.11.15 12:47:49;148.326;-2.38;-4.71;-615.24;
2022.11.14 18:35:01;Buy;1.09;CHFJPY;148.855;;;2022.11.15 12:47:49;148.326;-2.31;-4.58;-414.04;
2022.11.15 09:25:01;Buy;1.07;AUDCAD;0.89497;;;2022.11.15 12:47:48;0.89772;-1.44;;221.71;
2022.11.14 20:30:00;Buy;1.09;AUDCAD;0.89288;;;2022.11.15 12:47:48;0.89772;-1.46;-4.19;397.49;
2022.11.15 09:50:05;Buy;1.05;EURUSD;1.04041;;;2022.11.15 12:47:47;1.04319;-2.18;;291.90;
2022.11.15 09:30:02;Buy;1.05;EURUSD;1.03784;;;2022.11.15 12:47:47;1.04319;-2.18;;561.75;
2022.11.15 12:40:00;Buy;1.12;EURUSD;1.04324;;;2022.11.15 12:47:46;1.04319;-2.34;;-5.60;
2022.11.15 12:05:00;Buy;1.07;AUDCAD;0.89797;;;2022.11.15 12:47:46;0.89772;-1.45;;-20.16;
2022.11.14 05:15:02;Sell;1.10;GBPJPY;163.804;;;2022.11.14 10:12:27;164.597;-2.59;;-625.38;
2022.11.10 04:00:00;Sell;1.01;AUDJPY;93.971;;;2022.11.10 16:38:32;93.120;-1.30;;603.87;
2022.11.10 04:30:01;Sell;1.02;AUDJPY;93.807;;;2022.11.10 16:38:31;93.116;-1.31;;495.09;
2022.11.10 09:30:04;Sell;1.03;AUDJPY;93.609;;;2022.11.10 16:38:30;93.124;-1.32;;350.86;
2022.11.10 04:00:03;Sell;1.01;CADCHF;0.72706;;;2022.11.10 16:38:30;0.72636;-1.49;;72.78;
2022.11.10 16:35:13;Sell;1.05;AUDJPY;93.447;;;2022.11.10 16:38:29;93.133;-1.37;;231.59;
2022.11.07 04:40:44;Buy;0.97;CHFJPY;147.735;;;2022.11.07 13:05:40;148.077;-1.95;;226.24;
2022.11.07 04:00:01;Buy;0.96;CHFJPY;147.576;;;2022.11.07 13:05:40;148.077;-1.93;;328.02;
2022.11.07 10:05:02;Buy;1.00;CHFJPY;148.150;;;2022.11.07 13:05:39;148.077;-2.01;;-49.78;
2022.11.07 09:05:00;Buy;0.98;CHFJPY;147.961;;;2022.11.07 13:05:39;148.078;-1.97;;78.20;
2022.11.07 11:05:02;Buy;0.99;GBPUSD;1.14454;;;2022.11.07 13:05:38;1.14597;-2.27;;141.57;
2022.11.07 11:00:00;Buy;0.98;GBPUSD;1.14240;;;2022.11.07 13:05:38;1.14598;-2.24;;350.84;
2022.11.07 11:10:00;Buy;1.01;GBPUSD;1.14653;;;2022.11.07 13:05:37;1.14596;-2.32;;-57.57;
2022.11.03 04:45:01;Sell;0.90;GBPJPY;168.071;;;2022.11.03 09:30:29;167.749;-2.05;;196.02;
2022.11.03 04:05:07;Buy;0.90;USDCHF;1.00152;;;2022.11.03 09:30:29;1.00685;-1.80;;476.44;
2022.11.03 09:05:01;Buy;0.93;USDCHF;1.00499;;;2022.11.03 09:30:28;1.00685;-1.86;;171.80;
2022.11.03 08:05:00;Buy;0.91;USDCHF;1.00335;;;2022.11.03 09:30:28;1.00685;-1.82;;316.33;
2022.11.03 09:30:00;Buy;0.96;USDCHF;1.00746;;;2022.11.03 09:30:27;1.00671;-1.92;;-71.52;
2022.11.03 09:15:00;Sell;0.94;GBPJPY;167.905;;;2022.11.03 09:30:27;167.759;-2.14;;92.83;
2022.11.03 09:30:19;Sell;0.96;GBPJPY;167.737;;;2022.11.03 09:30:26;167.761;-2.18;;-15.58;
2022.11.01 07:14:59;Balance;;;;;;;;;;0.91;
2022.11.01 07:14:59;Balance;;;;;;;;;;6.69;
2022.10.28 15:05:00;Sell;0.86;AUDCAD;0.87284;;;2022.10.31 10:32:05;0.87276;-1.10;-1.09;5.04;
2022.10.28 17:20:01;Sell;0.86;AUDCAD;0.87121;;;2022.10.31 10:32:04;0.87275;-1.10;-1.09;-97.00;
2022.10.28 15:00:02;Buy;0.86;GBPCHF;1.15156;;;2022.10.31 10:32:04;1.15688;-1.99;0.86;457.32;
2022.10.28 22:30:00;Buy;0.90;GBPCHF;1.15728;;;2022.10.31 10:32:03;1.15689;-2.09;0.90;-35.08;
2022.10.28 18:20:01;Buy;0.88;GBPCHF;1.15564;;;2022.10.31 10:32:03;1.15690;-2.04;0.88;110.83;
2022.10.28 17:45:02;Buy;0.87;GBPCHF;1.15388;;;2022.10.31 10:32:03;1.15689;-2.02;0.87;261.75;
2022.10.31 09:30:00;Sell;0.88;EURUSD;0.99428;;;2022.10.31 10:32:02;0.99189;-1.75;;210.32;
2022.10.31 04:25:00;Buy;0.86;NZDJPY;86.113;;;2022.10.31 10:32:02;85.986;-1.00;;-73.70;
2022.10.31 10:05:00;Sell;0.89;EURUSD;0.99240;;;2022.10.31 10:32:01;0.99187;-1.77;;47.17;
2022.10.25 04:00:01;Buy;0.82;GBPUSD;1.13195;;;2022.10.25 15:47:13;1.13502;-1.86;;251.74;
2022.10.25 10:35:01;Buy;0.79;GBPUSD;1.13007;;;2022.10.25 15:47:12;1.13501;-1.79;;390.26;
2022.10.25 09:50:02;Buy;0.78;GBPUSD;1.12818;;;2022.10.25 15:47:12;1.13502;-1.76;;533.52;
2022.10.25 15:15:00;Sell;0.80;CHFJPY;148.501;;;2022.10.25 15:47:11;148.473;-1.60;;15.06;
2022.10.25 12:35:00;Buy;0.84;GBPUSD;1.13407;;;2022.10.25 15:47:11;1.13500;-1.91;;78.12;
2022.10.24 16:00:09;Buy;0.89;EURAUD;1.56417;;;2022.10.25 09:16:30;1.55973;-1.75;-6.49;-250.11;
2022.10.24 17:10:06;Buy;0.90;EURAUD;1.56882;;;2022.10.25 09:16:29;1.55972;-1.78;-6.56;-518.37;
2022.10.24 16:50:03;Buy;0.89;EURAUD;1.56686;;;2022.10.25 09:16:29;1.55971;-1.76;-6.49;-402.77;
2022.10.24 17:50:00;Buy;0.92;EURAUD;1.57030;;;2022.10.25 09:16:28;1.55971;-1.82;-6.71;-616.65;
2022.10.24 10:20:12;Buy;0.91;GBPCAD;1.55517;;;2022.10.24 14:42:12;1.54708;-2.07;;-536.70;
2022.10.20 16:25:00;Buy;0.86;AUDCHF;0.63257;;;2022.10.21 12:42:54;0.63189;-1.08;0.36;-57.81;
2022.10.20 04:05:18;Buy;0.99;USDJPY;149.947;;;2022.10.21 12:42:54;150.951;-1.98;3.18;658.47;
2022.10.20 17:05:01;Sell;0.87;EURCAD;1.34102;;;2022.10.21 12:42:53;1.34644;-1.70;0.97;-341.11;
2022.10.20 19:15:00;Sell;0.84;EURCAD;1.34678;;;2022.10.21 12:42:52;1.34646;-1.65;0.93;19.44;
2022.10.20 17:05:03;Buy;0.87;AUDCHF;0.63462;;;2022.10.21 12:42:52;0.63190;-1.10;0.36;-233.93;
2022.10.20 21:10:00;Buy;0.83;USDJPY;150.192;;;2022.10.21 12:42:51;150.952;-1.66;2.66;417.88;
2022.10.20 19:30:01;Sell;0.85;EURCAD;1.34526;;;2022.10.21 12:42:51;1.34642;-1.67;0.94;-71.33;
2022.10.21 11:10:00;Buy;0.82;USDJPY;150.581;;;2022.10.21 12:42:50;150.953;-1.64;;202.08;
2022.10.21 06:45:01;Buy;0.83;USDJPY;150.372;;;2022.10.21 12:42:50;150.953;-1.66;;319.46;
2022.10.21 11:50:01;Buy;0.86;USDJPY;150.893;;;2022.10.21 12:42:49;150.953;-1.72;;34.18;
2022.10.20 11:25:00;Sell;1.00;GBPCAD;1.54116;;;2022.10.20 15:33:18;1.54862;-2.24;;-544.25;
2022.10.20 04:10:01;Sell;0.99;GBPCAD;1.54373;;;2022.10.20 15:33:18;1.54862;-2.22;;-353.19;
2022.10.20 11:50:01;Sell;1.01;GBPCAD;1.53934;;;2022.10.20 15:33:17;1.54862;-2.26;;-683.79;
2022.10.20 12:10:01;Sell;1.03;GBPCAD;1.53734;;;2022.10.20 15:33:16;1.54865;-2.30;;-849.85;
2022.10.17 04:00:07;Buy;0.94;EURJPY;144.766;;;2022.10.17 13:09:31;145.111;-1.83;;218.19;
2022.10.17 08:10:01;Buy;0.95;EURJPY;144.942;;;2022.10.17 13:09:30;145.099;-1.85;;100.35;
2022.10.17 04:25:01;Buy;0.94;GBPCHF;1.12769;;;2022.10.17 13:09:30;1.13189;-2.11;;394.41;
2022.10.17 08:55:00;Buy;0.97;GBPCHF;1.13085;;;2022.10.17 13:09:29;1.13170;-2.19;;82.37;
2022.10.17 08:20:01;Buy;0.95;GBPCHF;1.12924;;;2022.10.17 13:09:29;1.13170;-2.14;;233.47;
2022.10.13 17:00:00;Buy;0.89;GBPJPY;165.069;;;2022.10.13 18:06:04;165.873;-2.00;;485.72;
2022.10.13 17:55:02;Buy;0.90;GBPJPY;165.388;;;2022.10.13 18:06:03;165.866;-2.02;;292.01;
2022.10.13 17:30:00;Buy;0.89;EURAUD;1.56262;;;2022.10.13 18:06:03;1.56194;-1.72;;-37.65;
2022.10.13 18:00:01;Buy;0.91;GBPJPY;165.594;;;2022.10.13 18:06:02;165.863;-2.04;;166.16;
2022.10.10 09:30:10;Buy;0.85;EURAUD;1.53881;;;2022.10.11 04:45:18;1.54480;-1.65;-6.18;319.48;
2022.10.10 18:00:01;Buy;0.86;EURAUD;1.54400;;;2022.10.11 04:45:17;1.54485;-1.67;-6.26;45.87;
2022.10.10 17:35:03;Buy;0.81;EURAUD;1.54228;;;2022.10.11 04:45:17;1.54482;-1.58;-5.89;129.09;
2022.10.10 11:40:02;Sell;0.87;EURCAD;1.33251;;;2022.10.11 04:45:16;1.33854;-1.69;0.97;-379.95;
2022.10.10 11:05:01;Sell;0.85;EURCAD;1.33405;;;2022.10.11 04:45:16;1.33851;-1.65;0.94;-274.57;
2022.10.10 13:55:00;Sell;0.85;EURCAD;1.33075;;;2022.10.11 04:45:15;1.33852;-1.65;0.94;-478.34;
2022.10.10 09:30:00;Sell;0.85;NZDJPY;81.257;;;2022.10.11 04:45:15;80.921;-0.95;-1.47;195.95;
2022.10.10 18:10:01;Sell;0.88;NZDJPY;80.890;;;2022.10.11 04:45:14;80.920;-0.98;-1.52;-18.12;
2022.10.10 17:55:03;Sell;0.85;NZDJPY;81.076;;;2022.10.11 04:45:14;80.924;-0.95;-1.47;88.64;
2022.10.10 04:25:11;Buy;0.85;USDCAD;1.37374;;;2022.10.11 04:45:13;1.38056;-1.70;-2.70;419.90;
2022.10.10 20:00:01;Buy;0.86;USDCAD;1.37737;;;2022.10.11 04:45:12;1.38051;-1.72;-2.73;195.61;
2022.10.10 09:00:01;Buy;0.86;USDCAD;1.37563;;;2022.10.11 04:45:12;1.38056;-1.72;-2.73;307.11;
2022.10.11 03:05:01;Buy;0.85;USDCAD;1.37895;;;2022.10.11 04:45:11;1.38051;-1.70;;96.05;
2022.10.10 23:00:01;Buy;0.82;EURAUD;1.54052;;;2022.10.11 04:45:11;1.54491;-1.59;-5.97;225.86;
2022.10.11 04:45:04;Buy;0.90;USDCAD;1.38070;;;2022.10.11 04:45:10;1.38055;-1.80;;-9.78;
2022.10.11 04:05:01;Sell;0.81;EURCAD;1.33867;;;2022.10.11 04:45:10;1.33850;-1.57;;9.97;
2022.10.06 06:00:01;Buy;0.96;AUDCAD;0.88744;;;2022.10.06 19:00:39;0.88023;-1.25;;-504.02;
2022.10.06 17:00:05;Sell;0.79;EURUSD;0.98285;;;2022.10.06 19:00:38;0.98029;-1.55;;202.24;
2022.10.06 14:55:00;Buy;0.82;AUDCAD;0.88344;;;2022.10.06 19:00:38;0.88025;-1.06;;-190.48;
2022.10.06 17:55:01;Sell;0.78;GBPCAD;1.53548;;;2022.10.06 19:00:37;1.52745;-1.75;;456.05;
2022.10.06 15:00:01;Sell;0.83;GBPCAD;1.53812;;;2022.10.06 19:00:37;1.52790;-1.87;;617.69;
2022.10.06 19:00:02;Sell;0.84;GBPCAD;1.52869;;;2022.10.06 19:00:36;1.52743;-1.87;;77.06;
2022.10.06 18:10:01;Sell;0.79;GBPCAD;1.53364;;;2022.10.06 19:00:36;1.52750;-1.77;;353.18;
2022.10.06 19:00:05;Sell;0.83;EURUSD;0.98054;;;2022.10.06 19:00:35;0.98016;-1.63;;31.54;
2022.10.06 09:35:00;Sell;0.94;USDCHF;0.97935;;;2022.10.06 17:05:43;0.98926;-1.88;;-941.65;
2022.10.06 14:00:02;Sell;0.84;USDCHF;0.98341;;;2022.10.06 17:05:42;0.98929;-1.68;;-499.27;
2022.10.06 05:55:14;Buy;0.96;NZDJPY;83.835;;;2022.10.06 11:21:48;83.025;-1.11;;-537.54;
2022.10.06 05:15:04;Buy;0.95;NZDJPY;83.658;;;2022.10.06 11:21:48;83.030;-1.10;;-412.42;
2022.10.06 06:25:00;Buy;0.97;NZDJPY;83.985;;;2022.10.06 11:21:47;83.029;-1.13;;-641.04;
2022.10.03 15:00:01;Buy;0.90;GBPCHF;1.10833;;;2022.10.03 17:10:19;1.11432;-2.02;;545.20;
2022.10.03 16:30:03;Buy;0.92;GBPCHF;1.11229;;;2022.10.03 17:10:18;1.11432;-2.07;;188.87;
2022.10.03 15:45:00;Buy;0.91;GBPCHF;1.11008;;;2022.10.03 17:10:18;1.11432;-2.04;;390.20;
2022.10.03 17:10:03;Buy;0.95;GBPCHF;1.11451;;;2022.10.03 17:10:17;1.11433;-2.14;;-17.30;
2022.10.03 11:30:02;Buy;0.98;EURJPY;142.409;;;2022.10.03 14:45:47;141.394;-1.93;;-686.34;
2022.10.03 05:00:20;Buy;0.98;EURJPY;142.227;;;2022.10.03 14:45:47;141.394;-1.93;;-563.27;
2022.10.03 13:25:00;Buy;0.95;EURJPY;141.932;;;2022.10.03 14:45:46;141.397;-1.86;;-350.69;
2022.10.01 06:29:49;Balance;;;;;;;;;;1.35;
2022.10.01 06:29:49;Balance;;;;;;;;;;6.75;
2022.09.29 10:05:04;Buy;0.93;EURAUD;1.49680;;;2022.09.29 12:40:23;1.49882;-1.80;;121.39;
2022.09.29 12:10:02;Buy;0.94;GBPCAD;1.48486;;;2022.09.29 12:40:22;1.48915;-2.03;;294.06;
2022.09.29 10:45:00;Buy;0.93;GBPCAD;1.48268;;;2022.09.29 12:40:22;1.48923;-2.01;;444.19;
2022.09.29 12:40:00;Buy;0.98;EURAUD;1.49896;;;2022.09.29 12:40:21;1.49882;-1.90;;-8.87;
2022.09.29 12:15:01;Buy;0.95;GBPCAD;1.48672;;;2022.09.29 12:40:21;1.48914;-2.06;;167.65;
2022.09.29 12:40:03;Buy;0.98;GBPCAD;1.48941;;;2022.09.29 12:40:20;1.48912;-2.13;;-20.73;
2022.09.26 04:06:39;Buy;0.94;USDJPY;143.855;;;2022.09.26 19:10:08;144.595;-1.88;;481.07;
2022.09.26 08:20:02;Buy;0.93;USDJPY;144.211;;;2022.09.26 19:10:07;144.597;-1.86;;248.26;
2022.09.26 06:05:00;Buy;0.94;USDJPY;144.037;;;2022.09.26 19:10:07;144.596;-1.88;;363.40;
2022.09.26 19:06:56;Buy;0.92;USDJPY;144.576;;;2022.09.26 19:10:06;144.596;-1.84;;12.73;
2022.09.26 18:35:00;Buy;0.90;USDJPY;144.398;;;2022.09.26 19:10:06;144.597;-1.80;;123.86;
2022.09.26 15:20:04;Sell;0.91;CHFJPY;145.452;;;2022.09.26 16:58:01;146.288;-1.84;;-527.73;
2022.09.26 04:10:11;Buy;0.93;EURGBP;0.91690;;;2022.09.26 09:04:48;0.90836;-1.79;;-842.86;
2022.09.19 05:30:01;Buy;0.87;USDCHF;0.96573;;;2022.09.21 21:01:21;0.96939;-1.74;1.46;328.47;
2022.09.19 04:10:01;Buy;0.88;AUDCAD;0.89181;;;2022.09.21 21:01:21;0.88976;-1.18;-6.77;-134.29;
2022.09.19 08:40:12;Buy;0.88;USDCHF;0.96724;;;2022.09.21 21:01:20;0.96941;-1.76;1.48;196.99;
2022.09.19 10:35:02;Buy;0.88;USDCHF;0.96877;;;2022.09.21 21:01:19;0.96945;-1.76;1.48;61.73;
2022.09.19 10:05:01;Sell;0.88;AUDJPY;95.816;;;2022.09.21 21:01:19;95.864;-1.18;-8.30;-29.19;
2022.09.19 15:25:01;Buy;0.86;EURGBP;0.87820;;;2022.09.21 21:01:18;0.87340;-1.72;-15.04;-463.87;
2022.09.20 04:15:01;Sell;0.82;AUDJPY;96.156;;;2022.09.21 21:01:17;95.861;-1.10;-3.86;167.17;
2022.09.19 23:15:01;Sell;0.81;AUDJPY;96.314;;;2022.09.21 21:01:17;95.863;-1.09;-7.64;252.47;
2022.09.20 16:20:00;Buy;0.85;AUDCAD;0.89346;;;2022.09.21 21:01:16;0.89006;-1.14;-3.25;-215.08;
2022.09.20 16:05:01;Buy;0.83;EURGBP;0.87317;;;2022.09.21 21:01:16;0.87321;-1.66;-7.24;3.73;
2022.09.20 16:30:01;Buy;0.86;EURGBP;0.87518;;;2022.09.21 21:01:15;0.87323;-1.71;-7.50;-188.45;
2022.09.21 02:45:03;Buy;0.84;AUDCAD;0.89504;;;2022.09.21 21:01:14;0.88976;-1.12;;-330.15;
2022.09.20 20:25:00;Sell;0.87;AUDJPY;95.974;;;2022.09.21 21:01:14;95.860;-1.16;-4.10;68.54;
2022.09.21 04:00:01;Sell;0.83;EURCHF;0.96035;;;2022.09.21 21:01:13;0.95230;-1.65;;688.81;
2022.09.21 09:15:00;Sell;0.84;EURCHF;0.95850;;;2022.09.21 21:01:12;0.95236;-1.67;;531.74;
2022.09.21 09:40:01;Sell;0.89;EURCHF;0.95384;;;2022.09.21 21:01:11;0.95256;-1.76;;117.45;
2022.09.21 09:30:01;Sell;0.82;EURCHF;0.95681;;;2022.09.21 21:01:11;0.95228;-1.63;;382.95;
2022.09.21 09:45:01;Sell;0.88;AUDJPY;95.633;;;2022.09.21 21:01:10;95.859;-1.17;;-137.45;
2022.09.15 08:15:03;Sell;0.84;GBPUSD;1.15178;;;2022.09.15 15:37:22;1.14807;-1.93;;311.64;
2022.09.15 04:00:01;Sell;0.83;GBPUSD;1.15332;;;2022.09.15 15:37:22;1.14805;-1.91;;437.41;
2022.09.15 15:25:01;Sell;0.87;GBPUSD;1.14828;;;2022.09.15 15:37:21;1.14809;-2.00;;16.53;
2022.09.15 13:25:00;Sell;0.85;GBPUSD;1.15006;;;2022.09.15 15:37:21;1.14807;-1.96;;169.15;
2022.09.15 15:10:00;Sell;0.87;NZDJPY;85.897;;;2022.09.15 15:37:20;85.985;-1.04;;-53.31;
2022.09.12 04:55:09;Buy;0.79;CHFJPY;148.754;;;2022.09.12 09:42:39;149.394;-1.65;;352.67;
2022.09.12 04:00:01;Sell;0.79;USDCAD;1.30199;;;2022.09.12 09:42:39;1.30125;-1.58;;44.93;
2022.09.12 07:30:01;Buy;0.79;CHFJPY;149.090;;;2022.09.12 09:42:38;149.404;-1.65;;173.03;
2022.09.12 05:20:01;Buy;0.79;CHFJPY;148.921;;;2022.09.12 09:42:38;149.401;-1.65;;264.50;
2022.09.12 09:10:00;Buy;0.83;CHFJPY;149.410;;;2022.09.12 09:42:37;149.406;-1.73;;-2.32;
2022.09.12 08:55:00;Buy;0.81;CHFJPY;149.257;;;2022.09.12 09:42:37;149.404;-1.69;;83.06;
2022.09.12 09:30:01;Buy;0.81;EURCAD;1.31485;;;2022.09.12 09:42:36;1.31523;-1.64;;23.65;
2022.09.09 10:15:01;Sell;0.77;CADCHF;0.73734;;;2022.09.09 11:32:09;0.73778;-1.18;;-35.34;
2022.09.09 10:10:00;Sell;0.75;CADCHF;0.73884;;;2022.09.09 11:32:09;0.73774;-1.15;;86.05;
2022.09.08 19:55:00;Buy;0.75;CADJPY;109.927;;;2022.09.09 11:32:08;109.440;-1.14;0.04;-256.80;
2022.09.08 17:40:00;Buy;0.75;CADJPY;109.770;;;2022.09.09 11:32:08;109.442;-1.14;0.04;-172.95;
2022.09.09 04:00:01;Buy;0.76;EURUSD;1.00440;;;2022.09.09 11:32:07;1.00999;-1.53;;424.84;
2022.09.08 21:05:00;Buy;0.76;CADJPY;110.096;;;2022.09.09 11:32:07;109.441;-1.16;0.04;-350.00;
2022.09.09 06:30:01;Buy;0.77;EURUSD;1.00832;;;2022.09.09 11:32:06;1.01000;-1.55;;129.36;
2022.09.09 05:25:00;Buy;0.77;EURUSD;1.00647;;;2022.09.09 11:32:06;1.00998;-1.55;;270.27;
2022.09.09 10:15:04;Buy;0.77;EURUSD;1.01003;;;2022.09.09 11:32:05;1.01002;-1.56;;-0.77;
2022.09.09 05:05:00;Sell;0.75;GBPAUD;1.70016;;;2022.09.09 11:32:05;1.69394;-1.73;;320.45;
2022.09.09 07:55:00;Sell;0.74;GBPAUD;1.69658;;;2022.09.09 11:32:04;1.69398;-1.72;;132.16;
2022.09.09 05:35:00;Sell;0.78;GBPAUD;1.69814;;;2022.09.09 11:32:04;1.69394;-1.80;;225.02;
2022.09.09 10:10:03;Sell;0.75;GBPAUD;1.69469;;;2022.09.09 11:32:03;1.69397;-1.74;;37.09;
2022.09.02 05:40:01;Buy;0.99;CHFJPY;142.863;;;2022.09.06 05:28:55;143.710;-2.02;-8.29;596.83;
2022.09.02 07:50:02;Buy;0.99;CHFJPY;143.065;;;2022.09.06 05:28:54;143.710;-2.02;-8.29;454.49;
2022.09.05 16:20:00;Buy;0.81;CHFJPY;143.390;;;2022.09.06 05:28:53;143.710;-1.65;-3.39;184.48;
2022.09.02 10:45:00;Buy;1.00;CHFJPY;143.219;;;2022.09.06 05:28:53;143.710;-2.04;-8.37;349.47;
2022.09.06 03:25:00;Buy;0.71;CHFJPY;143.542;;;2022.09.06 05:28:52;143.717;-1.45;;88.43;
2022.09.05 04:00:01;Sell;0.90;EURUSD;0.99153;;;2022.09.06 05:28:52;0.99542;-1.78;0.98;-350.10;
2022.09.06 04:20:18;Buy;0.73;CHFJPY;143.711;;;2022.09.06 05:28:51;143.717;-1.49;;3.12;
2022.09.05 08:05:00;Sell;0.85;EURUSD;0.98874;;;2022.09.06 05:28:51;0.99542;-1.68;0.92;-567.80;
2022.09.06 04:25:01;Sell;0.72;EURUSD;0.99679;;;2022.09.06 05:28:50;0.99542;-1.44;;98.64;
2022.09.05 08:05:03;Sell;0.85;GBPJPY;160.722;;;2022.09.06 01:12:30;162.268;-1.95;-6.86;-934.86;
2022.09.05 05:00:00;Sell;0.91;GBPJPY;160.973;;;2022.09.06 01:12:30;162.268;-2.09;-7.34;-838.37;
2022.09.05 11:50:00;Sell;0.80;GBPJPY;161.357;;;2022.09.06 01:12:29;162.268;-1.84;-6.45;-518.47;
2022.09.05 14:20:00;Sell;0.80;GBPJPY;161.580;;;2022.09.06 01:12:28;162.268;-1.84;-6.45;-391.56;
2022.09.05 14:05:00;Sell;0.77;GBPJPY;161.751;;;2022.09.06 01:12:28;162.268;-1.77;-6.21;-283.21;
2022.09.02 18:00:03;Buy;0.92;EURAUD;1.46417;;;2022.09.05 09:03:16;1.45661;-1.84;-7.23;-471.75;
2022.09.02 10:10:00;Buy;1.00;EURAUD;1.46907;;;2022.09.05 09:03:16;1.45662;-1.99;-7.86;-844.43;
2022.09.05 02:05:00;Buy;0.91;EURAUD;1.46076;;;2022.09.05 09:03:15;1.45661;-1.81;;-256.15;
2022.09.02 18:35:00;Buy;0.92;EURAUD;1.46577;;;2022.09.05 09:03:15;1.45661;-1.85;-7.23;-571.59;
2022.09.05 04:45:01;Buy;0.91;EURAUD;1.46240;;;2022.09.05 09:03:14;1.45661;-1.81;;-357.38;
2022.09.02 15:55:00;Sell;0.93;GBPCAD;1.51504;;;2022.09.05 03:45:26;1.50992;-2.15;-2.27;362.14;
2022.09.02 21:15:01;Sell;0.91;GBPCAD;1.51107;;;2022.09.05 03:45:25;1.50989;-2.09;-2.23;81.67;
2022.09.02 17:00:12;Sell;0.93;GBPCAD;1.51282;;;2022.09.05 03:45:25;1.50992;-2.15;-2.27;205.12;
2022.09.05 02:45:01;Sell;0.89;GBPCAD;1.50803;;;2022.09.05 03:45:24;1.50992;-2.04;;-127.93;
2022.09.02 09:30:02;Buy;0.99;USDCAD;1.31641;;;2022.09.02 17:40:27;1.30841;-1.98;;-605.31;
2022.09.01 06:54:38;Balance;;;;;;;;;;1.38;
2022.09.01 06:54:38;Balance;;;;;;;;;;6.90;
2022.08.29 05:20:04;Buy;0.91;CHFJPY;142.968;;;2022.08.30 17:35:10;142.478;-1.88;-3.86;-321.06;
2022.08.29 10:10:01;Buy;0.93;CHFJPY;143.313;;;2022.08.30 17:35:09;142.476;-1.92;-3.94;-560.50;
2022.08.29 07:45:00;Buy;0.92;CHFJPY;143.157;;;2022.08.30 17:35:09;142.473;-1.90;-3.90;-453.10;
2022.08.29 12:15:01;Buy;0.91;EURGBP;0.85332;;;2022.08.30 17:35:08;0.85875;-1.81;-8.16;575.24;
2022.08.29 16:50:00;Buy;0.92;EURGBP;0.85483;;;2022.08.30 17:35:07;0.85876;-1.84;-8.25;420.91;
2022.08.29 09:30:00;Buy;0.91;USDCHF;0.97002;;;2022.08.30 17:35:07;0.97470;-1.82;0.77;436.93;
2022.08.30 10:35:00;Buy;0.87;USDCHF;0.97167;;;2022.08.30 17:35:06;0.97470;-1.74;;270.45;
2022.08.30 13:30:01;Buy;0.90;EURGBP;0.85642;;;2022.08.30 17:35:05;0.85879;-1.81;;248.31;
2022.08.30 12:10:01;Buy;0.86;CHFJPY;142.542;;;2022.08.30 17:35:05;142.474;-1.77;;-42.11;
2022.08.30 17:10:00;Buy;0.94;EURGBP;0.85816;;;2022.08.30 17:35:04;0.85879;-1.88;;68.94;
2022.08.30 17:20:00;Buy;0.96;USDCHF;0.97400;;;2022.08.30 17:35:03;0.97472;-1.92;;70.91;
2022.08.25 05:00:02;Buy;0.87;AUDCHF;0.66981;;;2022.08.26 17:10:13;0.67168;-1.21;0.38;169.70;
2022.08.25 09:20:00;Buy;0.88;AUDCHF;0.67169;;;2022.08.26 17:10:12;0.67179;-1.23;0.38;9.18;
2022.08.25 11:35:01;Sell;0.89;USDCAD;1.29024;;;2022.08.26 17:10:10;1.29111;-1.78;-2.82;-59.97;
2022.08.25 09:30:03;Sell;0.88;USDCAD;1.29187;;;2022.08.26 17:10:10;1.29109;-1.76;-2.79;53.16;
2022.08.26 15:31:10;Buy;0.88;AUDCHF;0.67338;;;2022.08.26 17:10:09;0.67175;-1.23;;-149.61;
2022.08.26 15:15:00;Buy;0.87;EURJPY;137.023;;;2022.08.26 17:10:09;137.688;-1.74;;423.76;
2022.08.26 16:30:02;Buy;0.90;EURJPY;137.572;;;2022.08.26 17:10:08;137.719;-1.81;;96.86;
2022.08.26 16:05:00;Buy;0.89;EURJPY;137.181;;;2022.08.26 17:10:08;137.700;-1.79;;338.29;
2022.08.22 04:00:00;Buy;0.81;CADJPY;105.581;;;2022.08.22 13:10:45;105.469;-1.25;;-66.29;
2022.08.22 04:10:00;Sell;0.81;GBPAUD;1.71618;;;2022.08.22 13:10:44;1.70726;-1.91;;500.12;
2022.08.22 04:00:03;Buy;0.81;USDCHF;0.95988;;;2022.08.22 13:10:44;0.95837;-1.62;;-127.62;
2022.08.22 05:10:01;Buy;0.82;CADJPY;105.771;;;2022.08.22 13:10:43;105.460;-1.26;;-186.35;
2022.08.22 05:05:01;Sell;0.81;GBPAUD;1.71467;;;2022.08.22 13:10:43;1.70727;-1.92;;414.86;
2022.08.22 10:15:00;Sell;0.81;GBPAUD;1.71123;;;2022.08.22 13:10:42;1.70734;-1.91;;218.04;
2022.08.22 06:00:00;Sell;0.82;GBPAUD;1.71288;;;2022.08.22 13:10:42;1.70740;-1.94;;310.97;
2022.08.22 11:40:00;Buy;0.82;CADJPY;105.254;;;2022.08.22 13:10:41;105.460;-1.26;;123.44;
2022.08.22 11:00:02;Sell;0.80;EURCHF;0.96012;;;2022.08.22 13:10:41;0.95997;-1.60;;12.52;
2022.08.22 12:55:01;Sell;0.85;GBPAUD;1.70813;;;2022.08.22 13:10:40;1.70741;-2.01;;42.36;
2022.08.18 13:35:01;Sell;0.67;AUDCHF;0.66297;;;2022.08.18 19:59:53;0.66117;-0.93;;126.06;
2022.08.18 05:30:04;Sell;0.76;AUDCHF;0.65895;;;2022.08.18 19:59:53;0.66118;-1.05;;-177.15;
2022.08.18 12:10:01;Buy;0.69;CADJPY;104.804;;;2022.08.18 19:59:52;104.631;-1.07;;-88.01;
2022.08.18 10:10:03;Buy;0.75;CADJPY;104.625;;;2022.08.18 19:59:52;104.639;-1.16;;7.74;
2022.08.18 13:15:00;Buy;0.67;EURCAD;1.31147;;;2022.08.18 19:59:51;1.30802;-1.36;;-178.34;
2022.08.18 04:00:05;Buy;0.76;EURCAD;1.31651;;;2022.08.18 19:59:51;1.30802;-1.55;;-497.80;
2022.08.18 14:35:00;Buy;0.68;EURCAD;1.31323;;;2022.08.18 19:59:50;1.30802;-1.39;;-273.32;
2022.08.18 05:30:01;Sell;0.76;GBPUSD;1.20446;;;2022.08.18 19:59:50;1.19391;-1.83;;801.80;
2022.08.18 09:00:02;Sell;0.75;GBPUSD;1.20262;;;2022.08.18 19:59:49;1.19391;-1.80;;653.25;
2022.08.18 09:50:00;Sell;0.79;GBPUSD;1.19966;;;2022.08.18 19:59:48;1.19391;-1.90;;454.25;
2022.08.18 04:00:02;Sell;0.76;NZDJPY;84.636;;;2022.08.18 19:59:48;84.774;-0.95;;-77.34;
2022.08.18 18:55:02;Sell;0.75;GBPUSD;1.19735;;;2022.08.18 19:59:47;1.19389;-1.80;;259.50;
2022.08.18 16:10:00;Sell;0.70;AUDCHF;0.66138;;;2022.08.18 19:59:47;0.66121;-0.97;;12.44;
2022.08.15 05:30:01;Sell;0.72;EURCHF;0.96552;;;2022.08.15 12:10:28;0.96546;-1.48;;4.57;
2022.08.15 04:00:00;Sell;0.72;GBPJPY;161.533;;;2022.08.15 12:10:28;160.903;-1.75;;340.34;
2022.08.15 11:30:01;Buy;0.72;USDCAD;1.28562;;;2022.08.15 12:10:27;1.28734;-1.44;;96.20;
2022.08.15 06:50:00;Sell;0.72;GBPJPY;161.356;;;2022.08.15 12:10:27;160.906;-1.74;;243.09;
2022.08.15 12:05:00;Sell;0.75;GBPJPY;161.022;;;2022.08.15 12:10:26;160.911;-1.81;;62.46;
2022.08.15 11:45:01;Sell;0.73;GBPJPY;161.180;;;2022.08.15 12:10:26;160.906;-1.76;;150.07;
2022.08.15 12:10:00;Sell;0.76;GBPJPY;160.864;;;2022.08.15 12:10:25;160.915;-1.84;;-29.08;
2022.08.15 12:05:03;Buy;0.75;USDCAD;1.28734;;;2022.08.15 12:10:25;1.28733;-1.50;;-0.58;
2022.08.11 14:35:03;Buy;0.83;AUDCAD;0.90771;;;2022.08.12 15:40:56;0.90728;-1.18;-3.33;-27.92;
2022.08.11 10:30:00;Buy;0.84;AUDCAD;0.90595;;;2022.08.12 15:40:56;0.90728;-1.19;-3.37;87.40;
2022.08.12 05:00:02;Sell;0.72;GBPCHF;1.14759;;;2022.08.12 15:40:55;1.14141;-1.75;;472.74;
2022.08.11 16:15:01;Buy;0.87;AUDCAD;0.90953;;;2022.08.12 15:40:55;0.90728;-1.24;-3.49;-153.13;
2022.08.12 12:20:00;Sell;0.69;GBPCHF;1.14409;;;2022.08.12 15:40:54;1.14141;-1.68;;196.47;
2022.08.12 11:20:00;Sell;0.72;GBPCHF;1.14587;;;2022.08.12 15:40:54;1.14141;-1.75;;341.17;
2022.08.12 15:35:01;Sell;0.71;GBPCHF;1.14192;;;2022.08.12 15:40:53;1.14141;-1.72;;38.47;
2022.08.12 05:35:02;Buy;0.73;NZDJPY;85.951;;;2022.08.12 15:40:52;85.999;-0.94;;26.22;
2022.08.12 04:40:00;Buy;0.74;NZDJPY;85.740;;;2022.08.12 15:40:52;85.999;-0.95;;143.42;
2022.08.12 08:25:03;Buy;0.77;NZDJPY;86.107;;;2022.08.12 15:40:51;85.999;-1.00;;-62.23;
2022.08.11 12:00:02;Buy;0.85;GBPUSD;1.22415;;;2022.08.12 13:10:26;1.21348;-2.08;-4.28;-906.95;
2022.08.11 10:30:03;Buy;0.84;GBPUSD;1.22264;;;2022.08.12 13:10:26;1.21348;-2.05;-4.23;-769.44;
2022.08.12 04:20:02;Buy;0.73;GBPUSD;1.21857;;;2022.08.12 13:10:25;1.21352;-1.78;;-368.65;
2022.08.12 08:35:01;Buy;0.78;GBPUSD;1.22037;;;2022.08.12 13:10:24;1.21356;-1.90;;-531.18;
2022.08.11 15:00:01;Sell;0.83;GBPJPY;161.618;;;2022.08.11 17:37:23;162.338;-2.03;;-450.82;
2022.08.11 15:10:00;Sell;0.84;GBPJPY;161.465;;;2022.08.11 17:37:22;162.324;-2.05;;-544.30;
2022.08.08 05:25:01;Buy;0.79;AUDJPY;93.810;;;2022.08.08 17:57:05;94.406;-1.10;;349.49;
2022.08.08 05:00:00;Buy;0.78;AUDJPY;93.616;;;2022.08.08 17:57:05;94.406;-1.08;;457.39;
2022.08.08 10:30:00;Buy;0.81;AUDJPY;94.149;;;2022.08.08 17:57:04;94.403;-1.13;;152.71;
2022.08.08 10:00:01;Buy;0.80;AUDJPY;93.973;;;2022.08.08 17:57:04;94.408;-1.11;;258.31;
2022.08.08 17:55:00;Buy;0.84;AUDJPY;94.353;;;2022.08.08 17:57:03;94.407;-1.18;;33.67;
2022.08.08 17:30:00;Sell;0.81;GBPCHF;1.15526;;;2022.08.08 17:57:03;1.15559;-1.96;;-28.02;
2022.08.04 09:30:00;Sell;0.75;GBPAUD;1.74300;;;2022.08.04 14:09:01;1.73423;-1.82;;459.29;
2022.08.04 08:35:00;Buy;0.75;NZDJPY;84.327;;;2022.08.04 14:09:00;84.594;-0.94;;149.29;
2022.08.04 05:55:00;Buy;0.74;NZDJPY;84.151;;;2022.08.04 14:09:00;84.594;-0.93;;244.39;
2022.08.04 11:55:00;Buy;0.76;EURCHF;0.97941;;;2022.08.04 14:08:59;0.97674;-1.55;;-211.38;
2022.08.04 10:05:02;Buy;0.75;NZDJPY;84.479;;;2022.08.04 14:08:59;84.594;-0.94;;64.30;
2022.08.04 14:05:00;Sell;0.78;GBPAUD;1.73653;;;2022.08.04 14:08:58;1.73441;-1.89;;115.47;
2022.08.04 11:55:03;Buy;0.76;NZDJPY;84.634;;;2022.08.04 14:08:58;84.594;-0.96;;-22.66;
2022.08.01 04:00:00;Buy;0.70;EURUSD;1.02202;;;2022.08.01 17:37:46;1.02630;-1.43;;299.60;
2022.08.01 04:10:01;Sell;0.70;AUDJPY;92.578;;;2022.08.01 17:37:45;92.636;-0.98;;-30.78;
2022.08.01 04:00:05;Sell;0.70;AUDJPY;92.820;;;2022.08.01 17:37:45;92.632;-0.98;;99.78;
2022.08.01 04:15:12;Sell;0.72;AUDJPY;92.348;;;2022.08.01 17:37:44;92.638;-1.01;;-158.31;
2022.08.01 11:35:00;Buy;0.67;EURUSD;1.02509;;;2022.08.01 17:37:43;1.02631;-1.37;;81.74;
2022.08.01 16:30:01;Buy;0.70;GBPCAD;1.56819;;;2022.08.01 17:37:42;1.57339;-1.72;;283.83;
2022.08.01 12:40:01;Buy;0.70;EURUSD;1.02679;;;2022.08.01 17:37:42;1.02630;-1.44;;-34.30;
2022.08.01 17:01:32;Buy;0.71;GBPCAD;1.57206;;;2022.08.01 17:37:41;1.57342;-1.74;;75.30;
2022.08.01 16:45:23;Buy;0.71;GBPCAD;1.57031;;;2022.08.01 17:37:41;1.57341;-1.74;;171.62;
2022.08.01 06:57:40;Balance;;;;;;;;;;0.93;
2022.08.01 06:57:40;Balance;;;;;;;;;;4.66;
2022.07.29 06:55:01;Buy;0.67;GBPUSD;1.21968;;;2022.07.29 09:58:30;1.22322;-1.63;;237.18;
2022.07.29 04:20:01;Buy;0.66;GBPUSD;1.21787;;;2022.07.29 09:58:30;1.22322;-1.61;;353.10;
2022.07.29 09:35:02;Sell;0.69;CADJPY;103.695;;;2022.07.29 09:58:29;103.621;-1.08;;38.50;
2022.07.29 09:25:00;Buy;0.68;GBPUSD;1.22184;;;2022.07.29 09:58:29;1.22323;-1.66;;94.52;
2022.07.25 11:20:00;Sell;0.66;AUDCHF;0.66821;;;2022.07.26 17:19:48;0.66762;-0.91;-1.70;40.45;
2022.07.25 04:00:03;Sell;0.69;AUDCHF;0.66387;;;2022.07.26 17:19:48;0.66760;-0.95;-1.77;-267.38;
2022.07.26 10:50:00;Sell;0.58;EURAUD;1.46631;;;2022.07.26 17:19:47;1.46031;-1.19;;241.36;
2022.07.26 10:00:00;Sell;0.58;EURAUD;1.46812;;;2022.07.26 17:19:47;1.46031;-1.18;;314.17;
2022.07.26 13:15:01;Sell;0.61;EURAUD;1.46320;;;2022.07.26 17:19:46;1.46017;-1.24;;128.18;
2022.07.26 13:05:00;Sell;0.60;EURAUD;1.46479;;;2022.07.26 17:19:46;1.46027;-1.22;;188.08;
2022.07.26 14:20:00;Sell;0.63;EURAUD;1.46159;;;2022.07.26 17:19:45;1.46023;-1.28;;59.42;
2022.07.25 04:00:00;Sell;0.69;NZDJPY;84.882;;;2022.07.26 17:19:45;85.103;-0.86;-1.27;-111.69;
2022.07.25 12:50:01;Sell;0.63;NZDJPY;85.390;;;2022.07.26 17:19:44;85.109;-0.79;-1.16;129.66;
2022.07.26 15:55:01;Sell;0.63;NZDJPY;85.060;;;2022.07.26 17:19:43;85.106;-0.79;;-21.22;
2022.07.26 12:25:00;Sell;0.59;NZDJPY;85.229;;;2022.07.26 17:19:43;85.108;-0.74;;52.29;
2022.07.26 16:40:00;Sell;0.65;EURAUD;1.45987;;;2022.07.26 17:19:42;1.46030;-1.32;;-19.38;
2022.07.25 16:25:01;Buy;0.60;GBPUSD;1.20795;;;2022.07.26 13:12:34;1.19999;-1.45;-3.02;-477.60;
2022.07.25 13:10:04;Buy;0.63;USDCAD;1.28721;;;2022.07.26 04:37:14;1.28296;-1.26;-2.15;-208.70;
2022.07.25 04:30:00;Buy;0.69;USDCAD;1.29426;;;2022.07.26 04:37:14;1.28295;-1.38;-2.35;-608.28;
2022.07.22 04:20:02;Sell;0.65;EURJPY;140.013;;;2022.07.22 10:34:45;139.657;-1.33;;168.11;
2022.07.22 04:15:01;Buy;0.65;AUDCAD;0.89193;;;2022.07.22 10:34:45;0.88958;-0.90;;-118.56;
2022.07.22 10:25:00;Sell;0.65;EURJPY;140.172;;;2022.07.22 10:34:44;139.655;-1.32;;244.14;
2022.07.22 09:15:00;Sell;0.64;EURJPY;140.413;;;2022.07.22 10:34:44;139.652;-1.30;;353.83;
2022.07.22 10:30:54;Sell;0.68;EURJPY;139.746;;;2022.07.22 10:34:43;139.642;-1.38;;51.38;
2022.07.18 04:00:00;Sell;0.62;USDCHF;0.97504;;;2022.07.19 10:37:24;0.97152;-1.24;-6.59;224.64;
2022.07.18 04:25:16;Buy;0.62;AUDCAD;0.88626;;;2022.07.19 10:37:23;0.88970;-0.85;-2.44;164.80;
2022.07.18 04:10:14;Buy;0.62;NZDJPY;85.571;;;2022.07.19 10:37:23;85.613;-0.77;-0.29;18.89;
2022.07.18 17:40:48;Sell;0.61;USDCHF;0.97346;;;2022.07.19 10:37:22;0.97155;-1.22;-6.48;119.92;
2022.07.18 15:35:12;Buy;0.59;GBPCHF;1.17098;;;2022.07.19 10:37:22;1.16596;-1.41;0.48;-304.86;
2022.07.18 22:10:00;Buy;0.57;NZDJPY;85.048;;;2022.07.19 10:37:21;85.612;-0.70;-0.26;233.17;
2022.07.19 07:50:01;Buy;0.59;AUDCAD;0.88800;;;2022.07.19 10:37:20;0.88965;-0.81;;75.22;
2022.07.19 06:50:01;Buy;0.58;NZDJPY;85.199;;;2022.07.19 10:37:20;85.605;-0.72;;170.80;
2022.07.19 10:05:01;Buy;0.61;NZDJPY;85.356;;;2022.07.19 10:37:19;85.605;-0.76;;110.17;
2022.07.14 05:00:00;Sell;0.58;EURCAD;1.30145;;;2022.07.14 10:00:23;1.30255;-1.16;;-49.02;
2022.07.14 07:50:00;Buy;0.59;USDJPY;138.220;;;2022.07.14 10:00:22;138.767;-1.18;;232.57;
2022.07.14 05:15:00;Buy;0.58;USDJPY;138.059;;;2022.07.14 10:00:22;138.759;-1.16;;292.59;
2022.07.14 09:20:03;Buy;0.60;USDJPY;138.535;;;2022.07.14 10:00:21;138.768;-1.20;;100.74;
2022.07.14 08:30:01;Buy;0.59;USDJPY;138.383;;;2022.07.14 10:00:21;138.769;-1.18;;164.11;
2022.07.14 09:30:01;Sell;0.60;GBPAUD;1.75233;;;2022.07.14 10:00:20;1.75409;-1.42;;-71.28;
2022.07.14 09:55:00;Buy;0.61;USDJPY;138.760;;;2022.07.14 10:00:19;138.769;-1.22;;3.96;
2022.07.11 10:00:00;Sell;0.61;EURUSD;1.01277;;;2022.07.11 16:57:44;1.00702;-1.24;;350.75;
2022.07.11 04:00:03;Buy;0.63;CADCHF;0.75576;;;2022.07.11 16:57:44;0.75360;-0.97;;-138.62;
2022.07.11 14:30:00;Sell;0.62;EURUSD;1.00962;;;2022.07.11 16:57:43;1.00698;-1.25;;163.68;
2022.07.11 10:50:01;Sell;0.58;EURUSD;1.01118;;;2022.07.11 16:57:43;1.00702;-1.17;;241.28;
2022.07.11 15:40:01;Sell;0.62;EURUSD;1.00773;;;2022.07.11 16:57:42;1.00696;-1.25;;47.74;
2022.07.11 16:10:02;Sell;0.65;EURUSD;1.00609;;;2022.07.11 16:57:41;1.00696;-1.31;;-56.55;
2022.07.11 04:00:01;Buy;0.63;GBPJPY;163.875;;;2022.07.11 16:49:11;163.338;-1.51;;-246.04;
2022.07.11 04:30:04;Buy;0.63;GBPJPY;164.221;;;2022.07.11 16:49:10;163.346;-1.51;;-400.90;
2022.07.11 04:20:00;Buy;0.63;GBPJPY;164.048;;;2022.07.11 16:49:10;163.345;-1.51;;-322.09;
2022.07.11 04:45:02;Buy;0.65;GBPJPY;164.450;;;2022.07.11 16:49:09;163.353;-1.56;;-518.55;
2022.07.05 17:10:00;Sell;0.59;AUDUSD;0.67664;;;2022.07.06 09:06:13;0.67802;-0.80;-1.48;-81.42;
2022.07.05 17:10:06;Sell;0.59;EURCHF;0.99277;;;2022.07.06 09:06:12;0.99163;-1.21;-2.02;69.46;
2022.07.05 17:10:03;Sell;0.59;CHFJPY;140.234;;;2022.07.06 09:06:12;139.516;-1.22;-1.39;313.60;
2022.07.06 02:20:02;Sell;0.58;CHFJPY;139.892;;;2022.07.06 09:06:11;139.517;-1.20;;161.02;
2022.07.05 18:30:01;Sell;0.59;CHFJPY;140.074;;;2022.07.06 09:06:11;139.520;-1.22;-1.39;241.99;
2022.07.06 04:00:00;Buy;0.57;AUDCAD;0.88651;;;2022.07.06 09:06:10;0.88565;-0.78;;-37.53;
2022.07.06 04:50:02;Buy;0.59;AUDCAD;0.88819;;;2022.07.06 09:06:09;0.88564;-0.80;;-115.18;
2022.07.06 04:30:01;Sell;0.60;CHFJPY;139.644;;;2022.07.06 09:06:09;139.522;-1.24;;54.19;
2022.07.06 07:55:01;Sell;0.60;AUDUSD;0.67897;;;2022.07.06 09:06:08;0.67810;-0.81;;52.20;
2022.07.06 04:55:01;Sell;0.58;AUDUSD;0.68088;;;2022.07.06 09:06:08;0.67810;-0.79;;161.24;
2022.07.05 15:05:00;Sell;0.56;EURJPY;139.962;;;2022.07.05 17:07:26;139.279;-1.15;;281.63;
2022.07.05 15:40:05;Buy;0.56;USDCHF;0.96648;;;2022.07.05 17:07:25;0.96806;-1.12;;91.40;
2022.07.05 15:15:01;Sell;0.55;EURJPY;139.771;;;2022.07.05 17:07:25;139.278;-1.13;;199.67;
2022.07.05 16:10:01;Sell;0.57;EURJPY;139.533;;;2022.07.05 17:07:24;139.271;-1.17;;109.97;
2022.07.05 16:40:00;Sell;0.58;EURJPY;139.364;;;2022.07.05 17:07:23;139.272;-1.19;;39.30;
2022.07.05 16:35:01;Buy;0.57;USDCHF;0.96812;;;2022.07.05 17:07:23;0.96800;-1.14;;-7.07;
2022.07.04 19:40:01;Buy;0.62;GBPCHF;1.16319;;;2022.07.05 15:11:45;1.15706;-1.50;0.52;-393.77;
2022.07.04 15:00:01;Buy;0.65;GBPCHF;1.16729;;;2022.07.05 15:11:45;1.15703;-1.58;0.54;-690.96;
2022.07.05 04:45:00;Buy;0.63;GBPCHF;1.16474;;;2022.07.05 15:11:44;1.15707;-1.53;;-500.65;
2022.07.04 11:05:01;Sell;0.65;EURCAD;1.34071;;;2022.07.05 12:13:17;1.33311;-1.35;-0.51;382.29;
2022.07.05 10:35:03;Sell;0.59;EURCAD;1.33605;;;2022.07.05 12:13:16;1.33313;-1.23;;133.32;
2022.07.05 10:15:01;Sell;0.57;EURCAD;1.33794;;;2022.07.05 12:13:16;1.33313;-1.19;;212.17;
2022.07.05 11:10:01;Sell;0.58;EURCAD;1.33406;;;2022.07.05 12:13:15;1.33313;-1.20;;41.74;
2022.07.05 05:00:02;Buy;0.62;NZDJPY;84.875;;;2022.07.05 11:08:09;83.991;-0.77;;-402.87;
2022.07.05 04:30:00;Buy;0.62;NZDJPY;84.723;;;2022.07.05 11:08:09;83.986;-0.77;;-335.87;
2022.07.04 04:35:06;Sell;0.72;USDJPY;134.815;;;2022.07.05 02:14:55;135.861;-1.44;-6.08;-554.33;
2022.07.04 10:05:00;Sell;0.66;USDJPY;135.351;;;2022.07.05 02:14:54;135.861;-1.32;-5.57;-247.75;
2022.07.04 04:15:01;Buy;0.71;GBPAUD;1.77697;;;2022.07.04 09:31:36;1.76968;-1.72;;-353.81;
2022.07.04 04:30:15;Buy;0.71;GBPAUD;1.77885;;;2022.07.04 09:31:35;1.76968;-1.72;;-445.05;
2022.07.01 00:59:29;Balance;;;;;;;;;;0.87;
2022.07.01 00:59:29;Balance;;;;;;;;;;4.38;
2022.06.27 06:45:01;Sell;0.66;USDCAD;1.28711;;;2022.06.28 09:41:22;1.28330;-1.32;-2.10;195.95;
2022.06.27 05:30:03;Sell;0.66;USDCAD;1.28874;;;2022.06.28 09:41:22;1.28335;-1.32;-2.10;277.20;
2022.06.27 18:20:00;Buy;0.66;EURJPY;143.408;;;2022.06.28 09:41:21;143.758;-1.40;-3.03;170.41;
2022.06.27 15:05:00;Buy;0.64;EURJPY;143.247;;;2022.06.28 09:41:21;143.757;-1.35;-2.93;240.78;
2022.06.28 08:35:04;Sell;0.66;USDCAD;1.28552;;;2022.06.28 09:41:20;1.28327;-1.32;;115.72;
2022.06.28 09:40:02;Buy;0.70;EURJPY;143.615;;;2022.06.28 09:41:19;143.767;-1.48;;78.49;
2022.06.28 09:20:04;Sell;0.68;USDCAD;1.28381;;;2022.06.28 09:41:19;1.28330;-1.36;;27.02;
2022.06.23 04:05:05;Sell;0.62;NZDJPY;85.297;;;2022.06.23 05:56:26;84.743;-0.78;;253.99;
2022.06.23 04:05:02;Sell;0.62;GBPCHF;1.17701;;;2022.06.23 05:56:26;1.17741;-1.52;;-25.81;
2022.06.23 04:30:02;Buy;0.62;EURCAD;1.36997;;;2022.06.23 05:56:25;1.37051;-1.31;;25.83;
2022.06.23 04:40:01;Sell;0.62;NZDJPY;85.121;;;2022.06.23 05:56:24;84.751;-0.78;;169.62;
2022.06.23 04:35:01;Buy;0.62;GBPAUD;1.77355;;;2022.06.23 05:56:24;1.77723;-1.52;;157.32;
2022.06.23 05:20:00;Sell;0.64;NZDJPY;84.916;;;2022.06.23 05:56:23;84.752;-0.80;;77.61;
2022.06.23 05:10:03;Buy;0.63;GBPAUD;1.77528;;;2022.06.23 05:56:23;1.77721;-1.54;;83.84;
2022.06.23 05:55:47;Sell;0.66;NZDJPY;84.702;;;2022.06.23 05:56:22;84.753;-0.83;;-24.89;
2022.06.23 05:25:03;Buy;0.65;GBPAUD;1.77711;;;2022.06.23 05:56:22;1.77720;-1.59;;4.04;
2022.06.20 05:35:00;Sell;0.59;USDCHF;0.96677;;;2022.06.20 12:45:57;0.96391;-1.18;;175.06;
2022.06.20 04:35:14;Sell;0.59;USDCHF;0.96854;;;2022.06.20 12:45:57;0.96391;-1.18;;283.40;
2022.06.20 09:30:01;Buy;0.60;AUDJPY;94.011;;;2022.06.20 12:45:56;94.256;-0.84;;109.06;
2022.06.20 09:10:00;Sell;0.60;USDCHF;0.96517;;;2022.06.20 12:45:56;0.96391;-1.20;;78.43;
2022.06.20 12:45:02;Sell;0.62;USDCHF;0.96363;;;2022.06.20 12:45:55;0.96391;-1.24;;-18.01;
2022.06.20 11:40:01;Buy;0.60;AUDJPY;94.171;;;2022.06.20 12:45:55;94.256;-0.84;;37.83;
2022.06.16 15:15:37;Sell;0.59;AUDCHF;0.67907;;;2022.06.16 16:57:11;0.67777;-0.82;;78.88;
2022.06.16 15:00:25;Sell;0.58;AUDCHF;0.68128;;;2022.06.16 16:57:11;0.67777;-0.81;;209.36;
2022.06.16 16:10:08;Buy;0.55;GBPCAD;1.58205;;;2022.06.16 16:57:10;1.58662;-1.35;;194.18;
2022.06.16 16:00:00;Buy;0.57;GBPCAD;1.57917;;;2022.06.16 16:57:10;1.58661;-1.39;;327.62;
2022.06.16 16:50:01;Buy;0.59;GBPCAD;1.58696;;;2022.06.16 16:57:09;1.58668;-1.45;;-12.76;
2022.06.16 16:25:01;Buy;0.57;GBPCAD;1.58536;;;2022.06.16 16:57:09;1.58668;-1.40;;58.13;
2022.06.16 16:54:09;Sell;0.59;AUDCHF;0.67748;;;2022.06.16 16:57:08;0.67766;-0.82;;-10.93;
2022.06.16 15:00:00;Sell;0.58;NZDJPY;82.990;;;2022.06.16 16:57:08;83.461;-0.72;;-205.87;
2022.06.16 10:50:07;Sell;0.60;EURAUD;1.49166;;;2022.06.16 16:07:13;1.49792;-1.25;;-262.25;
2022.06.16 05:35:04;Sell;0.63;EURAUD;1.48792;;;2022.06.16 16:07:13;1.49801;-1.32;;-443.83;
2022.06.16 11:20:00;Sell;0.61;EURAUD;1.48975;;;2022.06.16 16:07:12;1.49793;-1.27;;-348.40;
2022.06.16 05:25:00;Buy;0.63;GBPCHF;1.21265;;;2022.06.16 10:17:40;1.20449;-1.53;;-514.81;
2022.06.13 04:00:19;Sell;0.60;AUDCHF;0.69392;;;2022.06.13 11:20:08;0.69362;-0.84;;18.14;
2022.06.13 10:50:01;Sell;0.60;GBPJPY;164.934;;;2022.06.13 11:20:07;164.303;-1.47;;281.54;
2022.06.13 04:00:00;Sell;0.60;EURUSD;1.04849;;;2022.06.13 11:20:07;1.04679;-1.26;;102.00;
2022.06.13 10:55:02;Sell;0.61;GBPJPY;164.748;;;2022.06.13 11:20:06;164.310;-1.49;;198.68;
2022.06.13 10:50:04;Sell;0.60;EURUSD;1.04666;;;2022.06.13 11:20:06;1.04678;-1.26;;-7.20;
2022.06.13 11:15:02;Sell;0.62;GBPJPY;164.418;;;2022.06.13 11:20:05;164.325;-1.52;;42.88;
2022.06.13 11:10:07;Sell;0.61;GBPJPY;164.568;;;2022.06.13 11:20:05;164.317;-1.49;;113.85;
2022.06.13 11:20:00;Sell;0.64;GBPJPY;164.262;;;2022.06.13 11:20:04;164.319;-1.56;;-27.12;
2022.06.09 05:40:02;Buy;0.55;EURAUD;1.49556;;;2022.06.09 15:26:04;1.50132;-1.18;;227.08;
2022.06.09 12:30:00;Buy;0.54;EURAUD;1.49149;;;2022.06.09 15:26:03;1.50136;-1.16;;382.05;
2022.06.09 10:30:03;Buy;0.55;USDCHF;0.97967;;;2022.06.09 15:26:03;0.97631;-1.10;;-189.28;
2022.06.09 15:10:00;Buy;0.57;EURAUD;1.49730;;;2022.06.09 15:26:02;1.50126;-1.22;;161.81;
2022.06.09 14:10:01;Buy;0.55;EURAUD;1.49311;;;2022.06.09 15:26:02;1.50130;-1.18;;322.89;
2022.06.09 15:25:00;Buy;0.59;EURAUD;1.50079;;;2022.06.09 15:26:01;1.50127;-1.27;;20.30;
2022.06.06 04:00:16;Sell;0.52;AUDCAD;0.90634;;;2022.06.06 17:36:04;0.90570;-0.75;;26.51;
2022.06.06 11:30:00;Buy;0.50;EURCHF;1.03289;;;2022.06.06 17:36:03;1.03454;-1.07;;85.34;
2022.06.06 10:30:04;Buy;0.51;GBPJPY;163.665;;;2022.06.06 17:36:03;164.645;-1.28;;380.74;
2022.06.06 11:05:01;Buy;0.51;GBPJPY;164.247;;;2022.06.06 17:36:02;164.645;-1.28;;154.63;
2022.06.06 10:55:01;Buy;0.50;GBPJPY;164.042;;;2022.06.06 17:36:02;164.645;-1.25;;229.68;
2022.06.06 11:15:00;Buy;0.51;GBPJPY;164.451;;;2022.06.06 17:36:01;164.642;-1.28;;74.21;
2022.06.06 10:30:01;Sell;0.51;GBPUSD;1.25273;;;2022.06.06 17:36:00;1.25433;-1.28;;-81.60;
2022.06.06 04:00:13;Sell;0.52;GBPUSD;1.24822;;;2022.06.06 17:36:00;1.25433;-1.30;;-317.72;
2022.06.06 13:10:00;Sell;0.49;GBPUSD;1.25517;;;2022.06.06 17:35:59;1.25437;-1.23;;39.20;
2022.06.06 12:05:01;Sell;0.49;GBPUSD;1.25673;;;2022.06.06 17:35:59;1.25437;-1.23;;115.64;
2022.06.06 17:35:01;Buy;0.55;EURCHF;1.03464;;;2022.06.06 17:35:58;1.03454;-1.18;;-5.69;
2022.05.31 11:05:00;Buy;0.41;AUDCHF;0.69090;;;2022.06.01 14:55:10;0.69213;-0.59;0.18;52.40;
2022.05.30 15:05:03;Buy;0.43;AUDCHF;0.68938;;;2022.06.01 14:55:10;0.69213;-0.62;0.38;122.88;
2022.05.26 19:00:01;Sell;0.47;EURCHF;1.02912;;;2022.06.01 14:55:09;1.03007;-1.01;-9.42;-46.40;
2022.05.26 11:35:02;Sell;0.48;EURCHF;1.02526;;;2022.06.01 14:55:09;1.02995;-1.03;-9.62;-233.92;
2022.05.27 18:35:01;Sell;0.47;EURCHF;1.02344;;;2022.06.01 14:55:08;1.03003;-1.01;-7.07;-321.85;
2022.05.27 13:05:03;Sell;0.43;EURCHF;1.02717;;;2022.06.01 14:55:08;1.02999;-0.92;-6.47;-126.01;
2022.05.30 18:15:00;Sell;0.46;EURCHF;1.03161;;;2022.06.01 14:55:07;1.03001;-0.99;-4.61;76.48;
2022.05.30 14:40:03;Sell;0.42;EURCHF;1.03330;;;2022.06.01 14:55:07;1.03001;-0.90;-4.21;143.59;
2022.05.31 19:20:00;Sell;0.47;GBPUSD;1.26120;;;2022.06.01 14:55:06;1.25636;-1.19;-1.93;227.48;
2022.05.31 16:00:19;Sell;0.47;GBPUSD;1.25639;;;2022.06.01 14:55:06;1.25647;-1.18;-1.93;-3.76;
2022.05.30 19:05:08;Buy;0.44;NZDJPY;83.677;;;2022.06.01 14:55:05;84.264;-0.58;-0.44;199.35;
2022.05.30 15:00:02;Buy;0.43;NZDJPY;83.515;;;2022.06.01 14:55:05;84.263;-0.56;-0.43;248.25;
2022.05.31 03:15:02;Buy;0.45;NZDJPY;84.037;;;2022.06.01 14:55:04;84.263;-0.59;-0.22;78.50;
2022.05.31 02:50:01;Buy;0.45;NZDJPY;83.828;;;2022.06.01 14:55:04;84.265;-0.59;-0.22;151.78;
2022.06.01 04:20:00;Buy;0.48;NZDJPY;84.227;;;2022.06.01 14:55:03;84.269;-0.63;;15.57;
2022.05.31 17:15:02;Sell;0.49;USDCAD;1.26329;;;2022.06.01 14:55:03;1.26449;-0.98;-0.81;-46.50;
2022.06.01 07:40:00;Sell;0.45;GBPUSD;1.25791;;;2022.06.01 14:55:02;1.25675;-1.13;;52.20;
2022.06.01 04:35:01;Sell;0.48;GBPUSD;1.25951;;;2022.06.01 14:55:02;1.25677;-1.21;;131.52;
2022.06.01 06:43:10;Balance;;;;;;;;;;0.39;
2022.06.01 06:43:09;Balance;;;;;;;;;;3.30;
2022.05.27 04:00:00;Buy;0.46;EURUSD;1.07409;;;2022.05.31 15:56:01;1.06819;-0.99;-6.24;-271.40;
2022.05.30 14:10:02;Buy;0.43;EURUSD;1.07804;;;2022.05.31 15:56:00;1.06819;-0.93;-2.92;-423.55;
2022.05.27 04:51:24;Buy;0.46;EURUSD;1.07625;;;2022.05.31 15:56:00;1.06819;-0.99;-6.24;-370.76;
2022.05.30 15:25:00;Sell;0.43;GBPCAD;1.60126;;;2022.05.31 15:31:45;1.59389;-1.09;-0.89;250.00;
2022.05.30 10:20:03;Sell;0.47;GBPCAD;1.60333;;;2022.05.31 15:31:45;1.59386;-1.19;-0.97;351.13;
2022.05.31 04:15:03;Sell;0.43;GBPCAD;1.59819;;;2022.05.31 15:31:44;1.59391;-1.08;;145.18;
2022.05.30 17:45:01;Sell;0.45;GBPCAD;1.59973;;;2022.05.31 15:31:44;1.59394;-1.14;-0.93;205.54;
2022.05.31 09:25:01;Sell;0.46;GBPCAD;1.59600;;;2022.05.31 15:31:43;1.59390;-1.16;;76.20;
2022.05.31 15:25:01;Sell;0.49;GBPCAD;1.59212;;;2022.05.31 15:31:42;1.59390;-1.23;;-68.80;
2022.05.27 10:15:03;Buy;0.44;AUDJPY;90.680;;;2022.05.30 13:25:09;91.374;-0.63;-0.42;239.91;
2022.05.27 09:45:00;Buy;0.44;AUDJPY;90.518;;;2022.05.30 13:25:09;91.374;-0.63;-0.42;295.91;
2022.05.27 23:00:00;Buy;0.44;AUDJPY;91.024;;;2022.05.30 13:25:08;91.374;-0.63;-0.42;120.99;
2022.05.27 11:35:05;Buy;0.44;AUDJPY;90.837;;;2022.05.30 13:25:08;91.374;-0.63;-0.42;185.64;
2022.05.30 11:55:01;Buy;0.47;AUDJPY;91.511;;;2022.05.30 13:25:07;91.374;-0.68;;-50.59;
2022.05.30 02:40:01;Buy;0.45;AUDJPY;91.188;;;2022.05.30 13:25:07;91.374;-0.64;;65.76;
2022.05.27 04:05:00;Buy;0.46;GBPAUD;1.77810;;;2022.05.27 11:03:14;1.76712;-1.16;;-360.36;
2022.05.27 07:25:03;Buy;0.45;GBPAUD;1.77204;;;2022.05.27 11:03:13;1.76703;-1.14;;-160.85;
2022.05.26 04:00:00;Buy;0.49;GBPJPY;160.670;;;2022.05.26 08:52:57;159.872;-1.24;;-307.02;
2022.05.23 08:50:04;Buy;0.48;AUDUSD;0.71206;;;2022.05.23 12:06:07;0.71063;-0.68;;-68.64;
2022.05.23 04:00:00;Buy;0.46;AUDUSD;0.70900;;;2022.05.23 12:06:07;0.71063;-0.65;;74.98;
2022.05.23 05:10:01;Buy;0.46;GBPCAD;1.60587;;;2022.05.23 12:06:06;1.61080;-1.15;;177.21;
2022.05.23 04:30:10;Buy;0.46;GBPCAD;1.60413;;;2022.05.23 12:06:06;1.61073;-1.15;;237.24;
2022.05.23 09:25:03;Buy;0.48;GBPCAD;1.60747;;;2022.05.23 12:06:05;1.61086;-1.21;;127.15;
2022.05.23 08:50:01;Buy;0.48;NZDJPY;82.669;;;2022.05.23 12:06:04;82.563;-0.62;;-39.89;
2022.05.23 04:05:04;Buy;0.46;NZDJPY;82.403;;;2022.05.23 12:06:04;82.563;-0.59;;57.70;
2022.05.23 12:05:01;Buy;0.49;GBPCAD;1.61092;;;2022.05.23 12:06:03;1.61090;-1.23;;-0.77;
2022.05.23 12:00:02;Buy;0.48;GBPCAD;1.60928;;;2022.05.23 12:06:03;1.61090;-1.21;;60.76;
2022.05.19 09:30:18;Sell;0.43;GBPCAD;1.58747;;;2022.05.19 11:26:17;1.59173;-1.06;;-142.72;
2022.05.19 05:10:00;Sell;0.43;USDCHF;0.98662;;;2022.05.19 11:26:17;0.97948;-0.86;;313.45;
2022.05.19 10:20:05;Sell;0.45;USDCHF;0.98243;;;2022.05.19 11:26:16;0.97953;-0.90;;133.23;
2022.05.19 10:05:03;Sell;0.44;USDCHF;0.98461;;;2022.05.19 11:26:16;0.97948;-0.88;;230.45;
2022.05.19 10:40:01;Sell;0.45;USDCHF;0.98050;;;2022.05.19 11:26:15;0.97945;-0.90;;48.24;
2022.05.16 12:10:01;Sell;0.40;EURGBP;0.85241;;;2022.05.16 17:08:11;0.84923;-0.83;;155.91;
2022.05.16 04:10:49;Sell;0.41;EURGBP;0.84769;;;2022.05.16 17:08:11;0.84922;-0.85;;-76.89;
2022.05.16 07:05:02;Sell;0.38;USDCAD;1.29715;;;2022.05.16 17:08:10;1.29103;-0.76;;180.14;
2022.05.16 04:00:02;Sell;0.41;USDCAD;1.29038;;;2022.05.16 17:08:10;1.29101;-0.82;;-20.01;
2022.05.16 10:35:12;Sell;0.39;USDCAD;1.29395;;;2022.05.16 17:08:09;1.29098;-0.78;;89.72;
2022.05.16 08:45:00;Sell;0.38;USDCAD;1.29554;;;2022.05.16 17:08:09;1.29103;-0.76;;132.75;
2022.05.16 12:00:01;Sell;0.40;USDCAD;1.29229;;;2022.05.16 17:08:08;1.29104;-0.80;;38.73;
2022.05.16 04:00:12;Buy;0.41;USDCHF;1.00277;;;2022.05.16 17:08:08;1.00565;-0.82;;117.42;
2022.05.16 10:50:02;Buy;0.39;USDCHF;1.00443;;;2022.05.16 17:08:07;1.00565;-0.78;;47.31;
2022.05.16 15:20:00;Buy;0.41;USDCHF;1.00649;;;2022.05.16 17:08:06;1.00565;-0.82;;-34.25;
2022.05.16 13:35:07;Sell;0.40;EURGBP;0.85082;;;2022.05.16 17:08:06;0.84922;-0.83;;78.46;
2022.05.16 17:05:22;Sell;0.42;EURGBP;0.84928;;;2022.05.16 17:08:05;0.84922;-0.87;;3.09;
2022.05.16 04:00:05;Buy;0.41;AUDJPY;89.991;;;2022.05.16 05:01:48;89.163;-0.57;;-263.25;
2022.05.09 18:20:00;Buy;0.39;EURCAD;1.36712;;;2022.05.09 20:38:20;1.37215;-0.82;;150.96;
2022.05.09 15:10:09;Buy;0.36;EURCAD;1.36543;;;2022.05.09 20:38:20;1.37217;-0.76;;186.72;
2022.05.09 19:15:01;Buy;0.40;EURCAD;1.37048;;;2022.05.09 20:38:19;1.37214;-0.85;;51.09;
2022.05.09 18:45:01;Buy;0.39;EURCAD;1.36864;;;2022.05.09 20:38:19;1.37215;-0.82;;105.34;
2022.05.09 20:35:03;Buy;0.41;EURCAD;1.37250;;;2022.05.09 20:38:18;1.37213;-0.87;;-11.67;
2022.05.09 04:10:01;Sell;0.39;NZDJPY;83.284;;;2022.05.09 18:39:33;82.627;-0.50;;196.69;
2022.05.09 07:15:01;Sell;0.39;NZDJPY;83.132;;;2022.05.09 18:39:32;82.623;-0.50;;152.36;
2022.05.09 17:40:03;Sell;0.38;NZDJPY;82.714;;;2022.05.09 18:39:31;82.614;-0.48;;29.17;
2022.05.09 17:10:06;Sell;0.37;NZDJPY;82.919;;;2022.05.09 18:39:31;82.616;-0.47;;86.06;
2022.05.09 18:30:00;Sell;0.40;NZDJPY;82.507;;;2022.05.09 18:39:30;82.615;-0.51;;-33.16;
2022.05.09 04:00:04;Sell;0.39;GBPUSD;1.23028;;;2022.05.09 14:56:02;1.23658;-0.96;;-245.70;
2022.05.09 09:25:01;Sell;0.40;GBPUSD;1.22698;;;2022.05.09 14:56:01;1.23656;-0.98;;-383.20;
2022.05.09 05:45:05;Sell;0.39;GBPUSD;1.22867;;;2022.05.09 14:56:01;1.23656;-0.96;;-307.71;
2022.05.09 04:00:00;Buy;0.39;EURAUD;1.50016;;;2022.05.09 14:50:10;1.50681;-0.82;;181.40;
2022.05.09 12:50:00;Buy;0.39;EURAUD;1.50344;;;2022.05.09 14:50:09;1.50682;-0.82;;92.20;
2022.05.09 09:10:00;Buy;0.40;EURAUD;1.50187;;;2022.05.09 14:50:09;1.50681;-0.84;;138.21;
2022.05.09 14:20:01;Buy;0.38;EURAUD;1.50717;;;2022.05.09 14:50:08;1.50680;-0.80;;-9.83;
2022.05.09 13:20:03;Buy;0.38;EURAUD;1.50503;;;2022.05.09 14:50:08;1.50681;-0.80;;47.32;
2022.05.02 17:20:07;Buy;0.36;EURCHF;1.02862;;;2022.05.04 19:59:01;1.03693;-0.76;-1.52;304.27;
2022.05.02 04:15:08;Buy;0.37;EURCHF;1.02650;;;2022.05.04 19:59:01;1.03693;-0.78;-1.56;392.50;
2022.05.03 17:05:00;Buy;0.34;EURCHF;1.03032;;;2022.05.04 19:59:00;1.03692;-0.72;-0.72;228.23;
2022.05.02 05:35:04;Sell;0.37;EURGBP;0.83778;;;2022.05.04 19:59:00;0.84431;-0.78;-0.92;-301.82;
2022.05.03 17:25:00;Sell;0.34;EURGBP;0.84183;;;2022.05.04 19:58:59;0.84431;-0.72;-0.42;-105.33;
2022.05.04 04:05:48;Sell;0.34;GBPCAD;1.60270;;;2022.05.04 19:58:58;1.60059;-0.85;;55.99;
2022.05.02 05:30:02;Sell;0.37;NZDJPY;83.615;;;2022.05.04 19:58:58;83.886;-0.48;-1.44;-77.11;
2022.05.03 06:00:02;Sell;0.33;NZDJPY;84.020;;;2022.05.04 19:58:57;83.886;-0.43;-0.64;34.01;
2022.05.02 15:25:02;Sell;0.37;NZDJPY;83.446;;;2022.05.04 19:58:57;83.887;-0.48;-1.44;-125.49;
2022.05.04 05:10:01;Buy;0.33;AUDJPY;92.522;;;2022.05.04 19:58:56;92.963;-0.47;;111.92;
2022.05.04 08:15:00;Sell;0.34;GBPCAD;1.60098;;;2022.05.04 19:58:55;1.60064;-0.85;;9.02;
2022.05.04 06:25:01;Sell;0.33;NZDJPY;83.851;;;2022.05.04 19:58:55;83.887;-0.43;;-9.14;
2022.05.04 11:35:00;Buy;0.34;EURCHF;1.03195;;;2022.05.04 19:58:54;1.03694;-0.72;;172.56;
2022.05.04 09:20:01;Buy;0.33;AUDJPY;92.703;;;2022.05.04 19:58:54;92.964;-0.47;;66.24;
2022.05.04 16:20:01;Buy;0.36;AUDJPY;92.854;;;2022.05.04 19:58:53;92.962;-0.51;;29.90;
2022.05.04 13:30:00;Buy;0.35;EURCHF;1.03347;;;2022.05.04 19:58:53;1.03696;-0.74;;124.24;
2022.05.04 16:25:02;Buy;0.36;EURCHF;1.03508;;;2022.05.04 19:58:52;1.03697;-0.76;;69.20;
2022.05.02 05:00:01;Sell;0.37;AUDUSD;0.70440;;;2022.05.03 07:32:01;0.71331;-0.52;-0.93;-329.67;
2022.05.02 04:00:00;Sell;0.37;AUDUSD;0.70613;;;2022.05.03 07:32:01;0.71329;-0.52;-0.93;-264.92;
2022.05.01 00:46:39;Balance;;;;;;;;;;2.16;
2022.04.28 06:25:02;Sell;0.37;EURCAD;1.35024;;;2022.04.28 08:43:05;1.34872;-0.78;;43.75;
2022.04.28 04:05:07;Sell;0.35;EURCAD;1.35184;;;2022.04.28 08:43:05;1.34892;-0.74;;79.50;
2022.04.28 08:05:00;Sell;0.37;EURCAD;1.34863;;;2022.04.28 08:43:04;1.34874;-0.78;;-3.17;
2022.04.28 04:00:00;Buy;0.35;USDJPY;128.833;;;2022.04.28 06:31:35;129.658;-0.70;;222.70;
2022.04.28 06:20:02;Buy;0.37;USDJPY;129.661;;;2022.04.28 06:31:34;129.657;-0.74;;-1.14;
2022.04.25 04:10:01;Buy;0.33;USDCAD;1.27295;;;2022.04.25 07:29:48;1.27325;-0.66;;7.78;
2022.04.25 04:00:01;Buy;0.33;GBPAUD;1.77767;;;2022.04.25 07:29:48;1.78313;-0.85;;129.36;
2022.04.25 04:30:02;Sell;0.34;GBPCHF;1.22576;;;2022.04.25 07:29:47;1.22564;-0.87;;4.26;
2022.04.25 04:20:01;Sell;0.34;NZDJPY;85.134;;;2022.04.25 07:29:47;84.733;-0.45;;106.24;
2022.04.25 04:45:09;Buy;0.34;GBPAUD;1.78036;;;2022.04.25 07:29:46;1.78309;-0.87;;66.65;
2022.04.25 04:45:04;Sell;0.34;NZDJPY;84.915;;;2022.04.25 07:29:46;84.735;-0.45;;47.69;
2022.04.25 05:25:05;Sell;0.35;NZDJPY;84.743;;;2022.04.25 07:29:45;84.737;-0.46;;1.64;
2022.04.25 05:05:01;Buy;0.35;GBPAUD;1.78209;;;2022.04.25 07:29:45;1.78310;-0.90;;25.38;
2022.04.22 04:40:04;Buy;0.32;USDCAD;1.26007;;;2022.04.22 08:34:34;1.25986;-0.64;;-5.33;
2022.04.22 04:00:00;Buy;0.32;GBPAUD;1.77016;;;2022.04.22 08:34:34;1.77498;-0.83;;113.15;
2022.04.22 05:55:02;Buy;0.31;EURCHF;1.03456;;;2022.04.22 08:34:33;1.03425;-0.67;;-10.07;
2022.04.22 04:50:03;Sell;0.32;NZDJPY;86.349;;;2022.04.22 08:34:33;85.779;-0.43;;142.28;
2022.04.22 06:20:00;Sell;0.32;NZDJPY;86.071;;;2022.04.22 08:34:32;85.774;-0.43;;74.13;
2022.04.22 06:05:01;Buy;0.32;GBPAUD;1.77393;;;2022.04.22 08:34:32;1.77499;-0.83;;24.88;
2022.04.22 07:20:00;Sell;0.33;NZDJPY;85.897;;;2022.04.22 08:34:31;85.775;-0.44;;31.40;
2022.04.22 08:20:01;Sell;0.33;NZDJPY;85.728;;;2022.04.22 08:34:30;85.775;-0.44;;-12.10;
2022.04.22 04:15:03;Buy;0.32;EURCAD;1.36552;;;2022.04.22 04:15:07;1.36534;-0.69;;-4.57;
2022.04.19 04:25:00;Sell;0.26;GBPCAD;1.63888;;;2022.04.19 13:56:36;1.64165;-0.68;;-57.18;
2022.04.19 06:20:03;Sell;0.27;GBPCAD;1.63573;;;2022.04.19 13:56:35;1.64162;-0.70;;-126.25;
2022.04.19 05:45:01;Sell;0.26;GBPCAD;1.63719;;;2022.04.19 13:56:35;1.64162;-0.68;;-91.44;
2022.04.14 11:45:01;Buy;0.30;GBPCHF;1.22800;;;2022.04.19 13:56:34;1.23627;-0.79;0.75;261.53;
2022.04.14 04:00:00;Buy;0.29;GBPCHF;1.22637;;;2022.04.19 13:56:34;1.23627;-0.76;0.75;302.63;
2022.04.14 19:50:02;Buy;0.26;GBPCHF;1.23124;;;2022.04.19 13:56:33;1.23627;-0.68;0.66;137.86;
2022.04.14 14:40:00;Buy;0.30;GBPCHF;1.22962;;;2022.04.19 13:56:33;1.23627;-0.79;0.75;210.30;
2022.04.14 20:50:01;Buy;0.27;GBPCHF;1.23301;;;2022.04.19 13:56:32;1.23627;-0.71;0.69;92.78;
2022.04.19 11:10:04;Buy;0.28;NZDJPY;86.590;;;2022.04.19 13:56:31;86.518;-0.38;;-15.70;
2022.04.19 10:55:00;Buy;0.29;NZDJPY;86.412;;;2022.04.19 13:56:31;86.519;-0.39;;24.18;
2022.04.19 11:40:03;Buy;0.30;NZDJPY;86.783;;;2022.04.19 13:56:30;86.517;-0.41;;-62.17;
2022.04.19 04:40:01;Buy;0.26;EURJPY;137.468;;;2022.04.19 10:00:30;138.093;-0.56;;126.93;
2022.04.19 04:00:01;Buy;0.26;EURJPY;137.242;;;2022.04.19 10:00:30;138.079;-0.56;;169.98;
2022.04.19 06:35:00;Buy;0.28;EURJPY;137.783;;;2022.04.19 10:00:29;138.127;-0.60;;75.20;
2022.04.19 05:40:00;Buy;0.27;EURJPY;137.633;;;2022.04.19 10:00:29;138.125;-0.58;;103.73;
2022.04.19 07:40:00;Buy;0.28;EURJPY;137.991;;;2022.04.19 10:00:28;138.143;-0.60;;33.23;
2022.04.19 09:50:07;Buy;0.30;EURJPY;138.319;;;2022.04.19 10:00:27;138.137;-0.65;;-42.63;
2022.04.15 04:01:42;Buy;0.25;USDJPY;126.322;;;2022.04.19 03:06:10;127.009;-0.50;-1.08;135.23;
2022.04.18 01:30:17;Buy;0.26;USDJPY;126.707;;;2022.04.19 03:06:09;126.990;-0.52;-0.56;57.94;
2022.04.15 04:07:38;Buy;0.27;USDJPY;126.547;;;2022.04.19 03:06:09;127.002;-0.54;-1.17;96.73;
2022.04.19 02:10:02;Buy;0.26;USDJPY;127.173;;;2022.04.19 03:06:08;126.984;-0.52;;-38.70;
2022.04.18 19:20:01;Buy;0.25;USDJPY;126.864;;;2022.04.19 03:06:08;126.989;-0.50;-0.54;24.61;
2022.04.14 04:15:21;Sell;0.29;USDCAD;1.25604;;;2022.04.14 17:53:02;1.26218;-0.58;;-141.07;
2022.04.14 14:45:05;Sell;0.30;USDCAD;1.25229;;;2022.04.14 17:53:01;1.26229;-0.60;;-237.66;
2022.04.14 06:30:02;Sell;0.29;USDCAD;1.25454;;;2022.04.14 17:53:01;1.26218;-0.58;;-175.54;
2022.04.14 09:30:00;Buy;0.29;EURJPY;136.887;;;2022.04.14 16:18:17;135.885;-0.63;;-231.47;
2022.04.14 15:30:29;Buy;0.28;EURJPY;136.461;;;2022.04.14 16:18:16;135.878;-0.61;;-130.04;
2022.04.11 04:05:00;Buy;0.28;CHFJPY;133.245;;;2022.04.11 09:26:43;133.850;-0.60;;135.10;
2022.04.11 04:00:01;Sell;0.28;AUDUSD;0.74393;;;2022.04.11 09:26:43;0.74328;-0.42;;18.20;
2022.04.11 04:25:01;Buy;0.28;CHFJPY;133.397;;;2022.04.11 09:26:42;133.848;-0.60;;100.72;
2022.04.11 08:10:01;Buy;0.28;CHFJPY;133.565;;;2022.04.11 09:26:41;133.844;-0.60;;62.31;
2022.04.11 05:05:02;Sell;0.28;AUDUSD;0.74239;;;2022.04.11 09:26:41;0.74330;-0.42;;-25.48;
2022.04.11 09:20:06;Buy;0.29;CHFJPY;133.804;;;2022.04.11 09:26:40;133.844;-0.62;;9.25;
2022.04.07 04:00:00;Buy;0.26;EURAUD;1.45375;;;2022.04.07 15:50:11;1.46014;-0.57;;124.26;
2022.04.07 04:30:04;Buy;0.26;EURAUD;1.45559;;;2022.04.07 15:50:10;1.46015;-0.57;;88.67;
2022.04.07 04:25:03;Buy;0.26;USDCAD;1.25667;;;2022.04.07 15:50:10;1.25708;-0.52;;8.48;
2022.04.07 05:40:01;Buy;0.27;EURAUD;1.45721;;;2022.04.07 15:50:09;1.46015;-0.59;;59.37;
2022.04.07 09:30:04;Buy;0.27;GBPCHF;1.22036;;;2022.04.07 15:50:08;1.22020;-0.71;;-4.63;
2022.04.07 07:05:00;Buy;0.27;EURAUD;1.45867;;;2022.04.07 15:50:08;1.46013;-0.59;;29.48;
2022.04.07 15:50:00;Buy;0.28;EURAUD;1.46041;;;2022.04.07 15:50:07;1.46013;-0.61;;-5.86;
2022.04.04 05:45:01;Buy;0.25;AUDJPY;92.093;;;2022.04.04 15:04:21;92.193;-0.38;;20.37;
2022.04.04 09:30:00;Sell;0.25;EURCAD;1.38051;;;2022.04.04 15:04:20;1.37471;-0.55;;116.03;
2022.04.04 07:05:00;Buy;0.25;AUDJPY;92.256;;;2022.04.04 15:04:20;92.192;-0.38;;-13.04;
2022.04.04 10:50:01;Sell;0.25;EURCAD;1.37696;;;2022.04.04 15:04:19;1.37471;-0.55;;45.01;
2022.04.04 10:20:01;Sell;0.25;EURCAD;1.37895;;;2022.04.04 15:04:19;1.37471;-0.55;;84.82;
2022.04.04 13:40:06;Sell;0.26;EURCAD;1.37535;;;2022.04.04 15:04:18;1.37465;-0.57;;14.56;
2022.04.03 17:27:23;Balance;;;;;;;;;;5 000.00;Deposit
