Time;Type;Volume;Symbol;Price;Volume;Time;Price;Commission;Swap;Profit
2022.11.25 09:50:21;Sell;0.02;EURUSDrfd;1.04208;0.02;2022.11.25 15:57:30;1.03809;;;484.3
2022.11.25 09:27:33;Sell;0.01;EURUSDrfd;1.04077;0.01;2022.11.25 09:50:15;1.0423499999999999;;;-95.67
2022.11.25 09:39:38;Sell;0.02;EURUSDrfd;1.04153;0.02;2022.11.25 09:50:15;1.0423499999999999;;;-99.3
2022.11.24 14:42:33;Buy;0.02;EURUSDrfd;1.03993;0.02;2022.11.25 09:06:42;1.04088;;;114.88
2022.11.24 23:59:00;Commission;;;;;;;;;-8.49
2022.11.24 14:26:06;Buy;0.02;EURUSDrfd;1.03931;0.02;2022.11.24 14:26:43;1.03825;;;-127.68
2022.11.24 13:30:24;Buy;0.02;EURUSDrfd;1.03999;0.02;2022.11.24 14:26:06;1.03917;;;-98.78
2022.11.24 12:21:18;Buy;0.02;EURUSDrfd;1.04181;0.02;2022.11.24 13:30:24;1.03985;;;-236
2022.11.24 12:14:32;Sell;0.02;EURUSDrfd;1.04168;0.02;2022.11.24 12:18:52;1.04156;;;14.52
2022.11.24 11:54:12;Buy;0.02;EURUSDrfd;1.04072;0.02;2022.11.24 12:14:17;1.04157;;;102.44
2022.11.24 11:04:38;Buy;0.02;EURUSDrfd;1.04079;0.02;2022.11.24 11:49:50;1.04102;;;27.71
2022.11.24 10:59:42;Buy;0.02;EURUSDrfd;1.04165;0.02;2022.11.24 11:04:43;1.04062;;;-124.07
2022.11.24 10:38:07;Buy;0.02;EURUSDrfd;1.04249;0.02;2022.11.24 10:59:42;1.04147;;;-123.02
2022.11.24 10:35:05;Buy;0.02;EURUSDrfd;1.04278;0.02;2022.11.24 10:38:00;1.0422;;;-69.98
2022.11.24 10:17:39;Buy;0.02;EURUSDrfd;1.04346;0.02;2022.11.24 10:34:51;1.04259;;;-104.98
2022.11.23 11:16:01;Sell;0.02;EURUSDrfd;1.03341;0.02;2022.11.23 13:20:57;1.03014;;;396.46
2022.11.22 13:00:05;Buy;0.01;EURUSDrfd;1.02681;0.01;2022.11.22 13:24:34;1.02863;;;110.18
2022.11.22 11:05:02;Buy;0.01;EURUSDrfd;1.0259;0.01;2022.11.22 12:51:37;1.02667;;;46.56
2022.11.22 11:42:47;Buy;0.01;EURUSDrfd;1.02658;0.01;2022.11.22 12:38:37;1.02822;;;99.22
2022.11.22 10:43:24;Sell;0.01;EURUSDrfd;1.02541;0.01;2022.11.22 11:05:02;1.0259;;;-29.81
2022.11.22 09:28:23;Sell;0.01;EURUSDrfd;1.02513;0.01;2022.11.22 10:47:27;1.02637;;;-75.49
2022.11.22 05:21:51;Sell;0.01;EURUSDrfd;1.02638;0.01;2022.11.22 05:24:37;1.02631;;;4.26
2022.11.21 18:27:37;Sell;0.01;EURUSDrfd;1.02468;0.01;2022.11.21 20:20:25;1.02248;;;133.95
2022.11.21 16:19:26;Sell;0.01;EURUSDrfd;1.02495;0.01;2022.11.21 20:20:25;1.02248;;;150.39
2022.11.21 17:01:11;Sell;0.01;EURUSDrfd;1.0249;0.01;2022.11.21 18:00:08;1.02618;;;-77.99
2022.11.21 16:29:29;Sell;0.01;EURUSDrfd;1.02492;0.01;2022.11.21 16:54:19;1.02546;;;-32.87
2022.11.21 15:57:25;Sell;0.01;EURUSDrfd;1.02417;0.01;2022.11.21 16:14:14;1.02477;;;-36.53
2022.11.21 15:36:59;Sell;0.01;EURUSDrfd;1.02385;0.01;2022.11.21 15:55:21;1.02429;;;-26.77
2022.11.21 14:50:24;Sell;0.01;EURUSDrfd;1.02419;0.01;2022.11.21 15:32:02;1.02426;;;-4.26
2022.11.21 10:56:42;Sell;0.01;EURUSDrfd;1.0264199999999999;0.01;2022.11.21 10:58:18;1.02536;;;64.75
2022.11.18 05:07:03;Sell;0.01;EURUSDrfd;1.03717;0.01;2022.11.21 04:17:36;1.03059;;;399.36
2022.11.17 15:33:56;Sell;0.01;EURUSDrfd;1.03404;0.01;2022.11.21 04:17:36;1.03059;;;209.39
2022.11.17 14:38:42;Sell;0.01;EURUSDrfd;1.03327;0.01;2022.11.21 04:17:36;1.03059;;;162.66
2022.11.18 23:58:59;Commission;;;;;;;;;0.18
2022.11.18 19:20:29;Sell;0.01;EURUSDrfd;1.03681;0.01;2022.11.18 20:39:11;1.03443;;;144.45
2022.11.18 19:15:37;Sell;0.01;EURUSDrfd;1.0368;0.01;2022.11.18 19:19:01;1.037;;;-12.14
2022.11.18 18:55:49;Sell;0.01;EURUSDrfd;1.0360800000000001;0.01;2022.11.18 19:14:49;1.03694;;;-52.2
2022.11.18 18:48:42;Sell;0.01;EURUSDrfd;1.03579;0.01;2022.11.18 18:53:51;1.03681;;;-61.92
2022.11.18 07:07:35;Buy;0.01;EURUSDrfd;1.03801;0.01;2022.11.18 07:34:06;1.03714;;;-52.5
2022.11.18 03:20:44;Sell;0.01;EURUSDrfd;1.03639;0.01;2022.11.18 06:46:24;1.03791;;;-92.2
2022.11.18 03:04:54;Sell;0.01;EURUSDrfd;1.03583;0.01;2022.11.18 03:26:18;1.03718;;;-81.89
2022.11.17 23:58:59;Commission;;;;;;;;;0.12
2022.11.17 15:10:10;Sell;0.01;EURUSDrfd;1.03477;0.01;2022.11.17 15:25:10;1.03515;;;-22.99
2022.11.17 14:52:02;Sell;0.01;EURUSDrfd;1.0345;0.01;2022.11.17 15:00:59;1.03527;;;-46.6
2022.11.17 14:31:15;Buy;0.01;EURUSDrfd;1.0343;0.01;2022.11.17 14:38:38;1.0334699999999999;;;-50.03
2022.11.17 14:24:32;Sell;0.01;EURUSDrfd;1.0336;0.01;2022.11.17 14:30:57;1.03433;;;-44.2
2022.11.17 14:22:31;Buy;0.01;EURUSDrfd;1.0336400000000001;0.01;2022.11.17 14:23:03;1.03313;;;-30.75
2022.11.17 11:10:55;Buy;0.01;EURUSDrfd;1.03869;0.01;2022.11.17 11:18:28;1.04034;;;99.4
2022.11.17 09:41:21;Sell;0.01;EURUSDrfd;1.03856;0.01;2022.11.17 10:46:18;1.03854;;;1.21
2022.11.16 22:06:19;Sell;0.01;EURUSDrfd;1.03677;0.01;2022.11.16 22:15:46;1.03705;;;-16.92
2022.11.16 22:04:04;Buy;0.01;EURUSDrfd;1.03718;0.01;2022.11.16 22:15:40;1.03692;;;-15.65
2022.11.16 21:26:10;Sell;0.01;EURUSDrfd;1.03633;0.01;2022.11.16 22:03:23;1.03711;;;-47.14
2022.11.16 21:28:17;Buy;0.01;EURUSDrfd;1.03687;0.01;2022.11.16 21:31:32;1.03615;;;-43.33
2022.11.16 21:15:16;Buy;0.01;EURUSDrfd;1.037;0.01;2022.11.16 21:25:43;1.03616;;;-50.55
2022.11.16 20:57:17;Buy;0.01;EURUSDrfd;1.0389;0.01;2022.11.16 21:25:43;1.03616;;;-164.89
2022.11.16 20:55:38;Sell;0.01;EURUSDrfd;1.03824;0.01;2022.11.16 20:58:10;1.03876;;;-31.42
2022.11.16 20:52:38;Sell;0.01;EURUSDrfd;1.03751;0.01;2022.11.16 20:58:04;1.03896;;;-87.62
2022.11.16 20:21:19;Buy;0.01;EURUSDrfd;1.03845;0.01;2022.11.16 20:52:12;1.03821;;;-14.44
2022.11.16 17:45:46;Buy;0.01;EURUSDrfd;1.03966;0.01;2022.11.16 20:52:12;1.03821;;;-87.26
2022.11.16 16:25:41;Buy;0.01;EURUSDrfd;1.04095;0.01;2022.11.16 20:52:12;1.03821;;;-164.89
2022.11.16 17:38:23;Buy;0.01;EURUSDrfd;1.03971;0.01;2022.11.16 17:41:06;1.03972;;;0.6
2022.11.16 16:51:39;Buy;0.01;EURUSDrfd;1.03912;0.01;2022.11.16 17:37:14;1.03948;;;21.6
2022.11.16 16:30:28;Buy;0.01;EURUSDrfd;1.03925;0.01;2022.11.16 16:51:08;1.03926;;;0.6
2022.11.16 16:30:18;Buy;0.01;EURUSDrfd;1.03893;0.01;2022.11.16 16:30:19;1.03869;;;-14.4
2022.11.16 11:58:26;Buy;0.01;EURUSDrfd;1.04054;0.01;2022.11.16 16:18:20;1.04053;;;-0.6
2022.11.16 11:32:08;Sell;0.01;EURUSDrfd;1.03953;0.01;2022.11.16 11:58:48;1.04058;;;-63.54
2022.11.16 11:29:19;Buy;0.01;EURUSDrfd;1.04011;0.01;2022.11.16 11:31:19;1.03953;;;-34.92
2022.11.15 12:23:24;Buy;0.01;EURUSDrfd;1.03909;0.01;2022.11.15 13:38:43;1.04349;;;264.4
2022.11.15 12:03:48;Buy;0.01;EURUSDrfd;1.04067;0.01;2022.11.15 12:23:16;1.03896;;;-102.94
2022.11.14 15:51:12;Balance;;;;;;;;;4950
2022.11.14 12:38:14;Sell;0.01;EURUSDrfd;1.0328;0.01;2022.11.14 13:08:17;1.03048;;;140.28
2022.11.14 12:08:49;Sell;0.01;EURUSDrfd;1.03184;0.01;2022.11.14 12:57:15;1.03125;;;35.67
2022.11.14 11:07:49;Buy;0.01;EURUSDrfd;1.03305;0.01;2022.11.14 12:35:35;1.03272;;;-19.89
2022.11.14 11:01:12;Buy;0.01;EURUSDrfd;1.0335;0.01;2022.11.14 11:18:30;1.03491;;;84.84
2022.11.14 10:12:56;Sell;0.01;EURUSDrfd;1.03163;0.01;2022.11.14 11:03:41;1.03358;;;-118
2022.11.14 10:04:24;Sell;0.01;EURUSDrfd;1.03245;0.01;2022.11.14 10:05:03;1.03243;;;1.21
2022.11.11 14:50:13;Sell;0.01;EURUSDrfd;1.02868;0.01;2022.11.11 15:00:15;1.02867;;;0.61
2022.11.11 14:08:21;Buy;0.01;EURUSDrfd;1.0268;0.01;2022.11.11 14:47:49;1.02932;;;151.45
2022.11.11 13:50:54;Sell;0.01;EURUSDrfd;1.02615;0.01;2022.11.11 14:02:33;1.02614;;;0.6
2022.11.11 13:24:16;Sell;0.01;EURUSDrfd;1.02614;0.01;2022.11.11 13:25:40;1.02612;;;1.21
2022.11.11 13:14:26;Buy;0.01;EURUSDrfd;1.02708;0.01;2022.11.11 13:23:31;1.0261;;;-58.88
2022.11.11 12:41:15;Buy;0.01;EURUSDrfd;1.02465;0.01;2022.11.11 13:03:31;1.02651;;;111.76
2022.11.11 12:07:57;Buy;0.01;EURUSDrfd;1.02609;0.01;2022.11.11 13:01:03;1.02738;;;77.5
2022.11.11 12:33:42;Buy;0.01;EURUSDrfd;1.025;0.01;2022.11.11 12:38:00;1.024;;;-60.07
2022.11.11 12:31:14;Buy;0.01;EURUSDrfd;1.02508;0.01;2022.11.11 12:33:27;1.02472;;;-21.62
2022.11.11 11:25:14;Buy;0.01;EURUSDrfd;1.02423;0.01;2022.11.11 12:01:53;1.02626;;;122.09
2022.11.08 18:43:50;Buy;0.01;EURUSDrfd;1.00709;0.01;2022.11.11 11:43:11;1.02589;;;1132.02
2022.11.11 11:24:24;Sell;0.01;EURUSDrfd;1.02375;0.01;2022.11.11 11:26:13;1.02459;;;-50.68
2022.11.11 11:08:09;Sell;0.01;EURUSDrfd;1.02283;0.01;2022.11.11 11:25:49;1.02465;;;-109.81
2022.11.11 11:18:10;Sell;0.01;EURUSDrfd;1.02313;0.01;2022.11.11 11:22:28;1.02366;;;-31.97
2022.11.11 10:32:21;Buy;0.01;EURUSDrfd;1.02397;0.01;2022.11.11 11:08:04;1.02285;;;-67.27
2022.11.10 23:58:59;Commission;;;;;;;;;-4.23
2022.11.10 16:30:23;Buy;0.01;EURUSDrfd;1.00515;0.01;2022.11.10 16:47:37;1.01416;;;542.9
2022.11.10 16:27:43;Sell;0.01;EURUSDrfd;0.99605;0.01;2022.11.10 16:30:07;1.00225;;;-378.75
2022.11.10 15:01:38;Buy;0.01;EURUSDrfd;0.99429;0.01;2022.11.10 15:33:33;0.9943;;;0.61
2022.11.10 14:50:07;Buy;0.01;EURUSDrfd;0.99474;0.01;2022.11.10 15:08:03;0.99488;;;8.55
2022.11.10 14:47:52;Buy;0.01;EURUSDrfd;0.99498;0.01;2022.11.10 15:08:03;0.99488;;;-6.1
2022.11.10 14:12:42;Buy;0.01;EURUSDrfd;0.9942;0.01;2022.11.10 14:21:38;0.99475;;;33.51
2022.11.10 10:30:54;Sell;0.01;EURUSDrfd;1.00047;0.01;2022.11.10 10:54:55;1.00044;;;1.85
2022.11.09 23:59:00;Commission;;;;;;;;;-12.84
2022.11.09 17:43:30;Buy;0.01;EURUSDrfd;1.00236;0.01;2022.11.09 20:13:33;1.00316;;;48.92
2022.11.09 14:32:34;Sell;0.01;EURUSDrfd;1.00593;0.01;2022.11.09 15:28:03;1.0044;;;93.75
2022.11.09 14:29:12;Sell;0.01;EURUSDrfd;1.00571;0.01;2022.11.09 14:31:31;1.0063;;;-36.09
2022.11.09 11:21:28;Sell;0.01;EURUSDrfd;1.00845;0.01;2022.11.09 12:57:35;1.00543;;;184.87
2022.11.09 06:58:16;Sell;0.01;EURUSDrfd;1.00718;0.01;2022.11.09 12:57:35;1.00543;;;107.12
2022.11.09 06:44:09;Buy;0.01;EURUSDrfd;1.00759;0.01;2022.11.09 06:58:27;1.0071;;;-29.74
2022.11.09 06:35:16;Buy;0.01;EURUSDrfd;1.00762;0.01;2022.11.09 06:39:02;1.00699;;;-38.24
2022.11.09 06:19:29;Sell;0.01;EURUSDrfd;1.00781;0.01;2022.11.09 06:33:54;1.00761;;;12.19
2022.11.08 23:59:00;Commission;;;;;;;;;-4.25
2022.11.03 10:18:42;Sell;0.01;EURUSDrfd;0.97922;0.01;2022.11.08 18:43:52;1.00721;;;-1705.6
2022.11.08 17:39:29;Buy;0.01;EURUSDrfd;1.00062;0.01;2022.11.08 18:15:22;1.0048;;;253.55
2022.11.08 17:28:11;Buy;0.01;EURUSDrfd;1.00124;0.01;2022.11.08 18:00:23;1.00125;;;0.61
2022.11.08 17:19:18;Sell;0.01;EURUSDrfd;1.0005;0.01;2022.11.08 17:27:49;1.00104;;;-33.01
2022.11.08 15:24:17;Sell;0.01;EURUSDrfd;0.99954;0.01;2022.11.08 17:27:49;1.00104;;;-91.68
2022.11.08 15:22:09;Sell;0.01;EURUSDrfd;0.99924;0.01;2022.11.08 15:26:52;0.99916;;;4.87
2022.11.08 14:55:07;Buy;0.01;EURUSDrfd;1.00007;0.01;2022.11.08 15:26:13;0.99923;;;-50.95
2022.11.08 14:58:29;Sell;0.01;EURUSDrfd;0.99944;0.01;2022.11.08 15:15:19;0.99944;;;0
2022.11.08 13:24:05;Sell;0.01;EURUSDrfd;0.99941;0.01;2022.11.08 14:24:43;1.00089;;;-90.16
2022.11.08 12:45:15;Buy;0.01;EURUSDrfd;1.00006;0.01;2022.11.08 13:24:06;0.99942;;;-38.9
2022.11.08 10:37:50;Buy;0.01;EURUSDrfd;0.99911;0.01;2022.11.08 11:52:54;0.99788;;;-74.9
2022.11.07 15:23:45;Buy;0.01;EURUSDrfd;0.99691;0.01;2022.11.08 11:52:54;0.99788;;;59.07
2022.11.08 10:14:10;Buy;0.01;EURUSDrfd;0.99902;0.01;2022.11.08 10:35:55;0.99903;;;0.61
2022.11.08 10:11:19;Buy;0.01;EURUSDrfd;0.9995;0.01;2022.11.08 10:12:33;0.999;;;-30.52
2022.11.08 10:08:00;Buy;0.01;EURUSDrfd;0.99946;0.01;2022.11.08 10:10:47;0.99912;;;-20.75
2022.11.08 09:51:55;Buy;0.01;EURUSDrfd;0.99988;0.01;2022.11.08 10:07:21;0.9993;;;-35.37
2022.11.08 09:25:48;Buy;0.01;EURUSDrfd;1.00052;0.01;2022.11.08 10:06:58;0.99936;;;-70.74
2022.11.07 23:59:00;Commission;;;;;;;;;-4.2
2022.11.07 15:22:50;Buy;0.01;EURUSDrfd;0.9975;0.01;2022.11.07 15:23:25;0.9967;;;-48.76
2022.11.07 13:53:14;Buy;0.01;EURUSDrfd;0.99812;0.01;2022.11.07 15:22:55;0.99708;;;-63.39
2022.11.07 12:33:37;Buy;0.01;EURUSDrfd;0.99847;0.01;2022.11.07 13:55:45;0.99796;;;-31.1
2022.11.07 12:01:10;Buy;0.01;EURUSDrfd;0.99926;0.01;2022.11.07 12:33:39;0.99837;;;-54.21
2022.11.07 11:20:39;Sell;0.01;EURUSDrfd;0.99602;0.01;2022.11.07 11:30:48;0.99692;;;-55.31
2022.11.07 11:18:08;Sell;0.01;EURUSDrfd;0.99604;0.01;2022.11.07 11:18:30;0.99648;;;-27.05
2022.11.07 11:10:21;Sell;0.01;EURUSDrfd;0.99386;0.01;2022.11.07 11:13:32;0.99489;;;-63.44
2022.11.04 23:58:59;Commission;;;;;;;;;0.06
2022.11.04 15:01:02;Sell;0.01;EURUSDrfd;0.97948;0.01;2022.11.04 15:30:12;0.97549;;;248.18
2022.11.04 14:09:22;Sell;0.01;EURUSDrfd;0.97996;0.01;2022.11.04 15:30:12;0.97549;;;278.04
2022.11.04 14:54:51;Buy;0.01;EURUSDrfd;0.98029;0.01;2022.11.04 15:13:16;0.97926;;;-63.81
2022.11.04 14:14:48;Sell;0.01;EURUSDrfd;0.98108;0.01;2022.11.04 14:54:36;0.98022;;;53.49
2022.11.04 12:33:57;Sell;0.01;EURUSDrfd;0.97888;0.01;2022.11.04 14:09:22;0.9801;;;-75.89
2022.11.04 13:21:53;Sell;0.01;EURUSDrfd;0.97819;0.01;2022.11.04 13:36:56;0.97926;;;-66.56
2022.11.04 11:44:14;Sell;0.01;EURUSDrfd;0.97803;0.01;2022.11.04 12:33:23;0.97914;;;-69.04
2022.11.04 10:20:48;Sell;0.01;EURUSDrfd;0.97765;0.01;2022.11.04 12:33:23;0.97914;;;-92.68
2022.11.04 08:56:43;Buy;0.01;EURUSDrfd;0.97804;0.01;2022.11.04 10:11:23;0.9772;;;-52.04
2022.11.04 03:36:28;Buy;0.01;EURUSDrfd;0.97552;0.01;2022.11.04 04:36:09;0.97635;;;51.42
2022.11.03 23:59:00;Commission;;;;;;;;;0.06
2022.11.03 17:44:54;Sell;0.01;EURUSDrfd;0.97821;0.01;2022.11.03 18:01:38;0.9782;;;0.62
2022.11.03 10:31:44;Sell;0.01;EURUSDrfd;0.97872;0.01;2022.11.03 13:37:43;0.97359;;;318.88
2022.11.03 10:23:39;Sell;0.01;EURUSDrfd;0.97829;0.01;2022.11.03 10:39:18;0.97813;;;9.98
2022.11.03 09:32:58;Buy;0.01;EURUSDrfd;0.98164;0.01;2022.11.03 10:23:34;0.9784;;;-201.07
2022.11.03 06:09:25;Buy;0.01;EURUSDrfd;0.98296;0.01;2022.11.03 07:39:50;0.98304;;;4.9399999999999995
2022.11.02 20:07:05;Buy;0.01;EURUSDrfd;0.98651;0.01;2022.11.02 20:13:53;0.98596;;;-33.9
2022.11.02 19:17:24;Buy;0.01;EURUSDrfd;0.9865;0.01;2022.11.02 19:56:50;0.98662;;;7.4
2022.11.02 19:14:04;Buy;0.01;EURUSDrfd;0.98695;0.01;2022.11.02 19:17:35;0.98635;;;-36.98
2022.11.02 19:05:37;Buy;0.01;EURUSDrfd;0.98756;0.01;2022.11.02 19:14:09;0.98689;;;-41.3
2022.11.02 18:01:40;Buy;0.01;EURUSDrfd;0.98707;0.01;2022.11.02 18:56:50;0.98707;;;0
2022.11.01 19:33:22;Buy;0.01;EURUSDrfd;0.98558;0.01;2022.11.02 18:00:55;0.98695;;;84.27
2022.11.02 17:45:23;Buy;0.01;EURUSDrfd;0.98801;0.01;2022.11.02 18:00:44;0.98701;;;-61.5
2022.11.02 17:39:30;Buy;0.01;EURUSDrfd;0.98814;0.01;2022.11.02 17:46:34;0.98775;;;-23.99
2022.11.02 10:08:11;Buy;0.01;EURUSDrfd;0.98774;0.01;2022.11.02 13:01:19;0.99091;;;195.3
2022.11.01 23:59:00;Commission;;;;;;;;;-4.27
2022.11.01 19:31:08;Buy;0.01;EURUSDrfd;0.9864;0.01;2022.11.01 19:33:10;0.98548;;;-56.12
2022.11.01 19:02:55;Buy;0.01;EURUSDrfd;0.98762;0.01;2022.11.01 19:31:17;0.98617;;;-88.46
2022.11.01 18:55:45;Sell;0.01;EURUSDrfd;0.98648;0.01;2022.11.01 19:06:04;0.98906;;;-158.03
2022.11.01 18:45:23;Buy;0.01;EURUSDrfd;0.98722;0.01;2022.11.01 18:52:26;0.98653;;;-42.2
2022.11.01 18:09:18;Buy;0.01;EURUSDrfd;0.98664;0.01;2022.11.01 18:44:00;0.9868;;;9.79
2022.11.01 18:02:48;Buy;0.01;EURUSDrfd;0.9871;0.01;2022.11.01 18:07:14;0.98608;;;-62.58
2022.11.01 17:16:13;Sell;0.01;EURUSDrfd;0.98998;0.01;2022.11.01 17:20:09;0.98942;;;34.47
2022.11.01 16:15:36;Sell;0.01;EURUSDrfd;0.99431;0.01;2022.11.01 17:04:11;0.99159;;;167.33
2022.11.01 15:17:38;Buy;0.01;USDCADrfd;1.3535599999999999;0.01;2022.11.01 16:47:03;1.35799;;;199.8
2022.11.01 16:11:19;Buy;0.01;EURUSDrfd;0.99507;0.01;2022.11.01 16:15:31;0.9943;;;-47.11
2022.11.01 16:14:10;Buy;0.01;EURUSDrfd;0.99488;0.01;2022.11.01 16:15:12;0.99444;;;-26.92
2022.11.01 16:09:53;Sell;0.01;EURUSDrfd;0.99454;0.01;2022.11.01 16:10:38;0.9949;;;-22.12
2022.11.01 15:38:58;Sell;0.01;EURUSDrfd;0.99451;0.01;2022.11.01 16:09:05;0.99489;;;-23.35
2022.11.01 15:25:48;Sell;0.01;EURUSDrfd;0.99437;0.01;2022.11.01 15:38:04;0.99483;;;-28.23
2022.11.01 14:40:31;Buy;0.01;USDCADrfd;1.3550499999999999;0.01;2022.11.01 15:19:19;1.35328;;;-80.04
2022.11.01 12:16:01;Buy;0.01;EURUSDrfd;0.99176;0.01;2022.11.01 15:18:50;0.99416;;;146.89
2022.11.01 11:42:57;Buy;0.01;EURUSDrfd;0.99262;0.01;2022.11.01 12:16:00;0.99161;;;-61.94
2022.11.01 10:34:16;Sell;0.01;EURUSDrfd;0.99182;0.01;2022.11.01 10:57:35;0.99284;;;-62.91
2022.10.31 12:58:49;Sell;0.02;EURUSDrfd;0.99435;0.02;2022.10.31 16:00:35;0.99082;;;435.17
2022.10.31 12:17:03;Sell;0.02;EURUSDrfd;0.99269;0.02;2022.10.31 15:50:13;0.99143;;;155.57
2022.10.31 10:48:20;Sell;0.02;EURUSDrfd;0.99348;0.02;2022.10.31 15:50:13;0.99143;;;253.1
2022.10.31 12:03:36;Sell;0.02;EURUSDrfd;0.99252;0.02;2022.10.31 12:04:48;0.99293;;;-50.81
2022.10.31 10:11:26;Buy;0.02;EURUSDrfd;0.99451;0.02;2022.10.31 10:47:32;0.99375;;;-93.74
2022.10.31 09:02:06;Buy;0.01;EURUSDrfd;0.99493;0.01;2022.10.31 09:57:25;0.99521;;;17.25
2022.10.31 07:13:56;Buy;0.01;EURUSDrfd;0.99614;0.01;2022.10.31 08:47:47;0.99515;;;-60.9
2022.10.31 06:57:49;Buy;0.01;EURUSDrfd;0.9964;0.01;2022.10.31 08:47:47;0.99515;;;-76.9
2022.10.31 05:34:19;Sell;0.01;EURUSDrfd;0.99517;0.01;2022.10.31 06:52:58;0.9965;;;-81.66
2022.10.31 05:23:09;Sell;0.01;EURUSDrfd;0.99487;0.01;2022.10.31 06:48:42;0.99609;;;-74.9
2022.10.28 16:23:49;Sell;0.01;EURUSDrfd;0.99745;0.01;2022.10.28 16:24:35;0.99744;;;0.62
2022.10.28 14:35:08;Sell;0.01;EURUSDrfd;0.997;0.01;2022.10.28 15:18:54;0.99544;;;96.03
2022.10.28 13:46:58;Buy;0.01;EURUSDrfd;0.9938;0.01;2022.10.28 14:35:08;0.997;;;196.33
2022.10.28 11:45:30;Buy;0.01;EURUSDrfd;0.99451;0.01;2022.10.28 13:46:56;0.99366;;;-52.21
2022.10.28 09:12:25;Buy;0.01;EURUSDrfd;0.99711;0.01;2022.10.28 10:13:28;0.99547;;;-100.79
2022.10.28 07:41:27;Sell;0.01;EURUSDrfd;0.99859;0.01;2022.10.28 09:12:25;0.99711;;;91.21
2022.10.27 15:00:05;Sell;0.01;EURUSDrfd;1.00466;0.01;2022.10.27 15:15:31;1.00146;;;196.48
2022.10.27 14:59:13;Sell;0.01;EURUSDrfd;1.00473;0.01;2022.10.27 14:59:46;1.0051;;;-22.71
2022.10.27 14:53:51;Sell;0.01;EURUSDrfd;1.00425;0.01;2022.10.27 14:59:36;1.00505;;;-49.11
2022.10.27 14:49:24;Sell;0.01;EURUSDrfd;1.00434;0.01;2022.10.27 14:51:06;1.00433;;;0.61
2022.10.04 09:06:21;Buy;0.01;EURUSDrfd;0.9856;0.01;2022.10.26 11:38:37;1.0041;;;1133.66
2022.10.25 16:13:38;Buy;0.01;EURUSDrfd;0.98977;0.01;2022.10.26 10:24:05;0.9994;;;593.41
2022.10.25 23:59:00;Commission;;;;;;;;;-8.59
2022.10.25 19:51:25;Buy;0.01;EURUSDrfd;0.9958;0.01;2022.10.25 19:54:15;0.99527;;;-32.53
2022.10.25 17:40:43;Buy;0.01;EURUSDrfd;0.99534;0.01;2022.10.25 18:28:28;0.9975;;;132.63
2022.10.25 16:10:25;Sell;0.01;EURUSDrfd;0.98883;0.01;2022.10.25 16:13:44;0.99016;;;-81.76
2022.10.25 16:01:10;Sell;0.01;EURUSDrfd;0.98757;0.01;2022.10.25 16:13:44;0.99016;;;-159.21
2022.10.25 16:00:40;Sell;0.01;EURUSDrfd;0.98781;0.01;2022.10.25 16:10:06;0.98903;;;-75
2022.10.25 15:35:50;Sell;0.01;EURUSDrfd;0.98664;0.01;2022.10.25 16:00:31;0.98781;;;-71.91
2022.10.25 15:22:37;Sell;0.01;EURUSDrfd;0.98607;0.01;2022.10.25 15:35:51;0.98682;;;-46.04
2022.10.25 10:55:36;Buy;0.01;EURUSDrfd;0.98549;0.01;2022.10.25 14:04:48;0.9852;;;-17.77
2022.10.25 09:52:31;Buy;0.01;EURUSDrfd;0.98641;0.01;2022.10.25 10:55:40;0.98529;;;-68.47
2022.10.25 09:24:56;Buy;0.01;EURUSDrfd;0.98748;0.01;2022.10.25 09:38:55;0.9869;;;-35.52
2022.10.24 23:58:59;Commission;;;;;;;;;-4.27
2022.10.24 16:07:27;Buy;0.01;EURUSDrfd;0.98326;0.01;2022.10.24 16:44:58;0.9867;;;210.59
2022.10.24 15:12:35;Buy;0.01;EURUSDrfd;0.98569;0.01;2022.10.24 16:44:58;0.9867;;;61.83
2022.10.24 15:18:05;Buy;0.01;EURUSDrfd;0.9844;0.01;2022.10.24 16:07:27;0.98312;;;-78.24
2022.10.21 23:58:59;Commission;;;;;;;;;-4.28
2022.10.21 17:43:41;Buy;0.01;EURUSDrfd;0.97957;0.01;2022.10.21 18:47:58;0.9828;;;197.48
2022.10.21 17:40:06;Sell;0.01;EURUSDrfd;0.97912;0.01;2022.10.21 17:41:36;0.98019;;;-65.55
2022.10.21 17:38:51;Buy;0.01;EURUSDrfd;0.97836;0.01;2022.10.21 17:40:02;0.97912;;;46.36
2022.10.21 17:36:49;Sell;0.01;EURUSDrfd;0.9775;0.01;2022.10.21 17:37:33;0.97854;;;-63.7
2022.10.21 16:30:59;Buy;0.01;EURUSDrfd;0.9761;0.01;2022.10.21 16:37:49;0.97911;;;183.26
2022.10.21 16:03:47;Sell;0.01;EURUSDrfd;0.9761;0.01;2022.10.21 16:22:59;0.97568;;;25.64
2022.10.21 15:57:31;Sell;0.01;EURUSDrfd;0.974;0.01;2022.10.21 15:57:57;0.97519;;;-72.72
2022.10.21 15:49:32;Buy;0.01;EURUSDrfd;0.97199;0.01;2022.10.21 15:57:30;0.97403;;;124.16
2022.10.21 14:43:10;Buy;0.01;EURUSDrfd;0.97442;0.01;2022.10.21 15:12:40;0.97339;;;-62.65
2022.10.21 14:20:18;Sell;0.01;EURUSDrfd;0.97564;0.01;2022.10.21 14:43:10;0.97442;;;74.51
2022.10.21 14:15:33;Sell;0.01;EURUSDrfd;0.9752;0.01;2022.10.21 14:19:11;0.97598;;;-47.72
2022.10.21 13:51:55;Sell;0.01;EURUSDrfd;0.97429;0.01;2022.10.21 14:19:11;0.97598;;;-103.39
2022.10.21 13:22:15;Sell;0.01;EURUSDrfd;0.9739;0.01;2022.10.21 13:37:40;0.97386;;;2.45
2022.10.21 13:06:14;Sell;0.01;EURUSDrfd;0.97449;0.01;2022.10.21 13:16:24;0.97336;;;69.37
2022.10.21 13:01:16;Sell;0.01;EURUSDrfd;0.97401;0.01;2022.10.21 13:15:03;0.97399;;;1.23
2022.10.21 12:55:42;Buy;0.01;EURUSDrfd;0.97458;0.01;2022.10.21 13:00:16;0.97374;;;-51.27
2022.10.21 12:35:57;Sell;0.01;EURUSDrfd;0.97405;0.01;2022.10.21 12:53:00;0.97393;;;7.37
2022.10.21 11:54:36;Sell;0.01;EURUSDrfd;0.97583;0.01;2022.10.21 11:56:10;0.97582;;;0.61
2022.10.21 11:17:31;Buy;0.01;EURUSDrfd;0.9781;0.01;2022.10.21 11:53:54;0.97592;;;-133.03
2022.10.21 10:04:18;Buy;0.01;EURUSDrfd;0.97652;0.01;2022.10.21 11:42:41;0.97651;;;-0.61
2022.10.21 09:57:17;Buy;0.01;EURUSDrfd;0.97689;0.01;2022.10.21 10:00:57;0.97604;;;-52.16
2022.10.21 08:59:59;Buy;0.01;EURUSDrfd;0.97724;0.01;2022.10.21 09:34:01;0.97622;;;-62.64
2022.10.21 07:17:35;Buy;0.01;EURUSDrfd;0.97666;0.01;2022.10.21 08:12:08;0.97635;;;-19.08
2022.10.21 04:56:32;Buy;0.01;EURUSDrfd;0.97721;0.01;2022.10.21 07:16:36;0.97641;;;-49.2
2022.10.21 02:51:21;Buy;0.01;EURUSDrfd;0.97781;0.01;2022.10.21 04:05:49;0.9767;;;-67.93
2022.10.20 23:58:59;Commission;;;;;;;;;-4.28
2022.10.20 20:05:38;Buy;0.01;EURUSDrfd;0.97964;0.01;2022.10.20 21:07:52;0.97782;;;-111.39
2022.10.20 19:21:45;Buy;0.01;EURUSDrfd;0.98053;0.01;2022.10.20 20:06:15;0.97936;;;-71.61
2022.10.20 19:00:18;Sell;0.01;EURUSDrfd;0.98165;0.01;2022.10.20 19:17:45;0.98129;;;22.12
2022.10.20 18:28:45;Buy;0.01;EURUSDrfd;0.98238;0.01;2022.10.20 19:00:14;0.98169;;;-42.23
2022.10.20 18:19:58;Buy;0.01;EURUSDrfd;0.98269;0.01;2022.10.20 19:00:14;0.98169;;;-61.2
2022.10.20 17:51:35;Buy;0.01;EURUSDrfd;0.98369;0.01;2022.10.20 18:28:29;0.98215;;;-94.16
2022.10.20 17:38:11;Sell;0.01;EURUSDrfd;0.98273;0.01;2022.10.20 17:51:18;0.9835;;;-47.3
2022.10.20 17:15:27;Buy;0.01;EURUSDrfd;0.98173;0.01;2022.10.20 17:29:38;0.98366;;;118.15
2022.10.20 17:08:59;Sell;0.01;EURUSDrfd;0.9802;0.01;2022.10.20 17:11:15;0.98126;;;-65.18
2022.10.20 16:55:14;Buy;0.01;EURUSDrfd;0.97844;0.01;2022.10.20 16:58:32;0.97856;;;7.35
2022.10.20 16:44:40;Buy;0.01;EURUSDrfd;0.97889;0.01;2022.10.20 16:53:34;0.97844;;;-27.57
2022.10.20 16:42:20;Buy;0.01;EURUSDrfd;0.97917;0.01;2022.10.20 16:44:24;0.97858;;;-36.11
2022.10.20 16:28:02;Sell;0.01;EURUSDrfd;0.97952;0.01;2022.10.20 16:34:30;0.97951;;;0.61
2022.10.20 16:06:20;Buy;0.01;EURUSDrfd;0.98015;0.01;2022.10.20 16:27:50;0.97954;;;-37.33
2022.10.20 04:43:49;Buy;0.01;EURUSDrfd;0.97615;0.01;2022.10.20 13:59:49;0.98065;;;275.96
2022.10.20 09:38:24;Buy;0.01;EURUSDrfd;0.97831;0.01;2022.10.20 10:01:04;0.97934;;;63.42
2022.10.20 07:35:07;Buy;0.01;EURUSDrfd;0.97662;0.01;2022.10.20 08:11:40;0.9785;;;115.9
2022.10.20 05:12:43;Sell;0.01;EURUSDrfd;0.97566;0.01;2022.10.20 05:51:41;0.97645;;;-48.81
2022.10.19 20:03:58;Buy;0.01;EURUSDrfd;0.97641;0.01;2022.10.20 04:15:25;0.97561;;;-49.23
2022.10.19 19:27:57;Buy;0.01;EURUSDrfd;0.97733;0.01;2022.10.20 04:15:25;0.97561;;;-105.85
2022.10.19 19:07:22;Buy;0.01;EURUSDrfd;0.97693;0.01;2022.10.20 04:15:25;0.97561;;;-81.23
2022.10.19 13:25:28;Buy;0.01;EURUSDrfd;0.98047;0.01;2022.10.20 04:15:25;0.97561;;;-299.08
2022.10.19 23:58:59;Commission;;;;;;;;;-64.62
2022.10.19 18:25:13;Buy;0.01;EURUSDrfd;0.97808;0.01;2022.10.19 19:06:25;0.9769;;;-72.62
2022.10.19 17:59:16;Buy;0.01;EURUSDrfd;0.97897;0.01;2022.10.19 19:06:25;0.9769;;;-127.39
2022.10.19 17:05:36;Buy;0.01;EURUSDrfd;0.97751;0.01;2022.10.19 19:06:25;0.9769;;;-37.54
2022.10.19 17:46:49;Buy;0.01;EURUSDrfd;0.97929;0.01;2022.10.19 17:55:49;0.97866;;;-38.81
2022.10.19 16:58:04;Buy;0.01;EURUSDrfd;0.97767;0.01;2022.10.19 17:14:37;0.97835;;;41.88
2022.10.19 17:05:19;Buy;0.01;EURUSDrfd;0.97759;0.01;2022.10.19 17:05:19;0.97745;;;-8.62
2022.10.19 14:14:23;Buy;0.01;EURUSDrfd;0.97622;0.01;2022.10.19 16:56:50;0.97739;;;71.98
2022.10.19 14:13:43;Buy;0.01;EURUSDrfd;0.97677;0.01;2022.10.19 14:14:04;0.97635;;;-25.76
2022.10.19 14:09:19;Buy;0.01;EURUSDrfd;0.97744;0.01;2022.10.19 14:10:01;0.97718;;;-15.96
2022.10.19 14:01:10;Buy;0.01;EURUSDrfd;0.97814;0.01;2022.10.19 14:01:15;0.97776;;;-23.3
2022.10.19 14:00:05;Buy;0.01;EURUSDrfd;0.97826;0.01;2022.10.19 14:00:42;0.978;;;-15.94
2022.10.19 13:58:02;Buy;0.01;EURUSDrfd;0.97892;0.01;2022.10.19 13:58:33;0.97849;;;-26.36
2022.10.19 13:04:46;Buy;0.01;EURUSDrfd;0.98165;0.01;2022.10.19 13:22:27;0.98042;;;-75.51
2022.10.19 12:15:23;Buy;0.01;EURUSDrfd;0.98231;0.01;2022.10.19 12:17:10;0.98179;;;-31.93
2022.10.19 11:25:34;Buy;0.01;EURUSDrfd;0.9815;0.01;2022.10.19 11:38:01;0.98213;;;38.74
2022.10.19 11:22:51;Buy;0.01;EURUSDrfd;0.98195;0.01;2022.10.19 11:24:26;0.9816;;;-21.56
2022.10.19 10:36:38;Buy;0.01;EURUSDrfd;0.98314;0.01;2022.10.19 11:20:27;0.98211;;;-63.42
2022.10.19 09:40:07;Buy;0.01;EURUSDrfd;0.98331;0.01;2022.10.19 09:41:18;0.98297;;;-20.98
2022.10.18 17:36:22;Buy;0.01;EURUSDrfd;0.98255;0.01;2022.10.19 02:33:56;0.98662;;;250.12
2022.10.18 23:59:00;Commission;;;;;;;;;-8.6
2022.10.18 15:02:59;Buy;0.01;EURUSDrfd;0.98325;0.01;2022.10.18 16:33:00;0.98737;;;253.86
2022.10.18 14:47:52;Sell;0.01;EURUSDrfd;0.98317;0.01;2022.10.18 14:55:55;0.9827;;;29.04
2022.10.18 14:35:07;Buy;0.01;EURUSDrfd;0.98385;0.01;2022.10.18 14:46:19;0.98258;;;-78.2
2022.10.18 14:44:15;Buy;0.01;EURUSDrfd;0.98336;0.01;2022.10.18 14:46:19;0.98258;;;-48.03
2022.10.18 14:24:00;Buy;0.01;EURUSDrfd;0.98318;0.01;2022.10.18 14:31:08;0.98351;;;20.28
2022.10.18 13:44:49;Buy;0.01;EURUSDrfd;0.98249;0.01;2022.10.18 13:45:22;0.98218;;;-19.05
2022.10.18 11:59:34;Buy;0.01;EURUSDrfd;0.98328;0.01;2022.10.18 13:45:22;0.98218;;;-67.6
2022.10.18 11:57:49;Buy;0.01;EURUSDrfd;0.98288;0.01;2022.10.18 11:59:13;0.98247;;;-25.25
2022.10.18 11:46:18;Sell;0.01;EURUSDrfd;0.98381;0.01;2022.10.18 11:57:53;0.983;;;50.06
2022.10.18 10:22:15;Buy;0.01;EURUSDrfd;0.98335;0.01;2022.10.18 11:36:40;0.98422;;;53.56
2022.10.18 10:12:57;Buy;0.01;EURUSDrfd;0.98552;0.01;2022.10.18 10:19:11;0.98467;;;-52.52
2022.10.18 09:33:33;Buy;0.01;EURUSDrfd;0.98523;0.01;2022.10.18 09:35:59;0.98527;;;2.4699999999999998
2022.10.17 23:59:00;Commission;;;;;;;;;-4.3
2022.10.17 17:26:15;Buy;0.01;EURUSDrfd;0.9787;0.01;2022.10.17 18:57:47;0.9843;;;343.87
2022.10.17 17:24:14;Buy;0.01;EURUSDrfd;0.9788;0.01;2022.10.17 17:54:04;0.98161;;;173.06
2022.10.17 17:13:17;Buy;0.01;EURUSDrfd;0.9792;0.01;2022.10.17 17:41:04;0.98081;;;99.23
2022.10.17 17:08:10;Buy;0.01;EURUSDrfd;0.97926;0.01;2022.10.17 17:25:57;0.97833;;;-57.18
2022.10.17 17:20:13;Buy;0.01;EURUSDrfd;0.97901;0.01;2022.10.17 17:24:03;0.97854;;;-28.92
2022.10.17 16:58:15;Sell;0.01;EURUSDrfd;0.97808;0.01;2022.10.17 17:09:46;0.97941;;;-82.37
2022.10.17 17:00:56;Sell;0.01;EURUSDrfd;0.97867;0.01;2022.10.17 17:06:39;0.97864;;;1.8599999999999999
2022.10.17 16:47:16;Buy;0.01;EURUSDrfd;0.97867;0.01;2022.10.17 16:55:37;0.97811;;;-34.52
2022.10.17 15:43:28;Buy;0.01;EURUSDrfd;0.977;0.01;2022.10.17 16:55:36;0.97811;;;68.43
2022.10.17 15:40:25;Sell;0.01;EURUSDrfd;0.97607;0.01;2022.10.17 15:43:31;0.97727;;;-74.36
2022.10.17 15:39:43;Sell;0.01;EURUSDrfd;0.97574;0.01;2022.10.17 15:43:31;0.97727;;;-94.81
2022.10.17 15:22:43;Sell;0.01;EURUSDrfd;0.97475;0.01;2022.10.17 15:40:16;0.97623;;;-91.86
2022.10.17 13:49:12;Sell;0.01;EURUSDrfd;0.97517;0.01;2022.10.17 15:40:16;0.97623;;;-65.79
2022.10.17 11:41:22;Buy;0.01;EURUSDrfd;0.97333;0.01;2022.10.17 13:48:38;0.97509;;;108.37
2022.10.17 10:58:50;Buy;0.01;EURUSDrfd;0.97482;0.01;2022.10.17 11:32:06;0.97268;;;-131.45
2022.10.17 02:57:55;Buy;0.01;EURUSDrfd;0.97395;0.01;2022.10.17 09:53:42;0.97309;;;-53.55
2022.10.14 23:58:59;Commission;;;;;;;;;-4.33
2022.10.14 21:28:24;Sell;0.01;EURUSDrfd;0.97235;0.01;2022.10.14 22:34:52;0.97282;;;-29.22
2022.10.14 21:08:51;Sell;0.01;EURUSDrfd;0.97283;0.01;2022.10.14 22:34:52;0.97282;;;0.62
2022.10.14 18:44:40;Buy;0.01;EURUSDrfd;0.97374;0.01;2022.10.14 21:18:04;0.97198;;;-108.97
2022.10.14 18:30:53;Buy;0.01;EURUSDrfd;0.9742;0.01;2022.10.14 21:18:04;0.97198;;;-137.45
2022.10.14 20:28:41;Buy;0.01;EURUSDrfd;0.97188;0.01;2022.10.14 21:07:51;0.97254;;;40.86
2022.10.14 20:21:21;Sell;0.01;EURUSDrfd;0.97185;0.01;2022.10.14 20:28:20;0.97179;;;3.73
2022.10.14 19:59:20;Buy;0.01;EURUSDrfd;0.97177;0.01;2022.10.14 20:20:37;0.97208;;;19.19
2022.10.14 19:51:25;Buy;0.01;EURUSDrfd;0.97204;0.01;2022.10.14 19:58:22;0.9713;;;-45.82
2022.10.14 19:18:34;Buy;0.01;EURUSDrfd;0.97294;0.01;2022.10.14 19:51:18;0.97181;;;-69.96
2022.10.14 18:25:04;Buy;0.01;EURUSDrfd;0.97509;0.01;2022.10.14 18:43:59;0.97352;;;-97.13
2022.10.14 18:14:34;Buy;0.01;EURUSDrfd;0.97539;0.01;2022.10.14 18:43:54;0.97347;;;-118.78
2022.10.14 18:20:59;Buy;0.01;EURUSDrfd;0.97487;0.01;2022.10.14 18:23:35;0.97434;;;-32.74
2022.10.14 18:10:40;Sell;0.01;EURUSDrfd;0.97555;0.01;2022.10.14 18:14:08;0.97528;;;16.7
2022.10.14 16:26:32;Buy;0.01;EURUSDrfd;0.97625;0.01;2022.10.14 18:10:29;0.97556;;;-42.62
2022.10.14 17:49:58;Buy;0.01;EURUSDrfd;0.9734;0.01;2022.10.14 18:10:24;0.97556;;;133.42
2022.10.14 17:00:32;Buy;0.01;EURUSDrfd;0.97128;0.01;2022.10.14 17:49:00;0.97312;;;114.25
2022.10.14 16:55:32;Buy;0.01;EURUSDrfd;0.97375;0.01;2022.10.14 16:59:59;0.97197;;;-110.88
2022.10.14 16:45:34;Buy;0.01;EURUSDrfd;0.97312;0.01;2022.10.14 16:53:45;0.9735;;;23.67
2022.10.14 16:44:22;Buy;0.01;EURUSDrfd;0.97395;0.01;2022.10.14 16:45:24;0.97319;;;-47.31
2022.10.14 16:42:41;Buy;0.01;EURUSDrfd;0.97469;0.01;2022.10.14 16:43:58;0.97363;;;-66.02
2022.10.14 16:34:44;Buy;0.01;EURUSDrfd;0.97432;0.01;2022.10.14 16:42:34;0.97437;;;3.12
2022.10.14 16:32:17;Buy;0.01;EURUSDrfd;0.97477;0.01;2022.10.14 16:34:00;0.97417;;;-37.51
2022.10.14 16:30:37;Buy;0.01;EURUSDrfd;0.97533;0.01;2022.10.14 16:31:47;0.97461;;;-45.05
2022.10.14 16:02:47;Buy;0.01;EURUSDrfd;0.97702;0.01;2022.10.14 16:25:24;0.97658;;;-27.56
2022.10.14 15:05:15;Buy;0.01;EURUSDrfd;0.97188;0.01;2022.10.14 15:44:51;0.97351;;;101.44
2022.10.14 13:13:25;Buy;0.01;EURUSDrfd;0.97375;0.01;2022.10.14 13:28:40;0.97522;;;92.07
2022.10.14 13:05:36;Buy;0.01;EURUSDrfd;0.9735;0.01;2022.10.14 13:06:12;0.97353;;;1.88
2022.10.14 11:13:47;Sell;0.01;EURUSDrfd;0.97596;0.01;2022.10.14 12:15:47;0.9742;;;111.47
2022.10.14 10:01:07;Buy;0.01;EURUSDrfd;0.97872;0.01;2022.10.14 10:20:55;0.97596;;;-174.82
2022.10.14 09:31:36;Buy;0.01;EURUSDrfd;0.97915;0.01;2022.10.14 09:51:05;0.9784;;;-47.56
2022.10.13 23:58:59;Commission;;;;;;;;;-4.44
2022.10.13 16:43:39;Buy;0.01;EURUSDrfd;0.96693;0.01;2022.10.13 16:47:55;0.96802;;;69.09
2022.10.13 16:23:09;Buy;0.01;EURUSDrfd;0.96525;0.01;2022.10.13 16:39:21;0.96626;;;63.84
2022.10.13 15:36:08;Buy;0.01;EURUSDrfd;0.96413;0.01;2022.10.13 16:20:45;0.96778;;;231.69
2022.10.13 15:32:28;Buy;0.01;EURUSDrfd;0.96365;0.01;2022.10.13 15:35:43;0.96336;;;-18.37
2022.10.13 14:33:06;Sell;0.01;EURUSDrfd;0.9745;0.01;2022.10.13 15:30:12;0.96654;;;505.34
2022.10.13 11:00:25;Sell;0.01;EURUSDrfd;0.97016;0.01;2022.10.13 15:30:12;0.96654;;;229.82
2022.10.13 11:57:54;Sell;0.01;EURUSDrfd;0.97085;0.01;2022.10.13 15:30:11;0.96654;;;273.62
2022.10.13 10:15:30;Sell;0.02;EURUSDrfd;0.96932;0.02;2022.10.13 15:30:11;0.967905;;;179.67000000000002
2022.10.13 14:17:29;Sell;0.01;EURUSDrfd;0.9731;0.01;2022.10.13 14:19:27;0.97366;;;-35.64
2022.10.13 13:33:21;Buy;0.01;EURUSDrfd;0.97322;0.01;2022.10.13 13:33:56;0.97288;;;-21.59
2022.10.13 13:32:40;Buy;0.01;EURUSDrfd;0.97322;0.01;2022.10.13 13:32:46;0.97291;;;-19.69
2022.10.13 13:05:12;Buy;0.01;EURUSDrfd;0.97282;0.01;2022.10.13 13:32:46;0.97291;;;5.72
2022.10.13 10:51:24;Buy;0.02;EURUSDrfd;0.96996;0.02;2022.10.13 10:53:04;0.97002;;;7.62
2022.10.13 04:52:10;Buy;0.02;EURUSDrfd;0.97081;0.02;2022.10.13 10:14:23;0.96906;;;-221.34
2022.10.13 04:24:32;Buy;0.02;EURUSDrfd;0.97076;0.02;2022.10.13 04:34:12;0.97004;;;-92.57
2022.10.12 23:59:00;Commission;;;;;;;;;-13.5
2022.10.12 17:45:55;Buy;0.01;EURUSDrfd;0.96711;0.01;2022.10.12 17:53:19;0.96912;;;127.92
2022.10.12 16:58:59;Buy;0.01;EURUSDrfd;0.96934;0.01;2022.10.12 17:53:19;0.96912;;;-14
2022.10.12 17:44:05;Buy;0.01;EURUSDrfd;0.96754;0.01;2022.10.12 17:45:31;0.9672;;;-21.61
2022.10.12 17:22:27;Buy;0.01;EURUSDrfd;0.96838;0.01;2022.10.12 17:39:19;0.96839;;;0.64
2022.10.12 16:46:01;Buy;0.01;EURUSDrfd;0.9701;0.01;2022.10.12 16:58:29;0.969;;;-70.19
2022.10.12 15:30:10;Buy;0.01;EURUSDrfd;0.96897;0.01;2022.10.12 16:58:29;0.969;;;1.9100000000000001
2022.10.12 11:53:37;Sell;0.01;EURUSDrfd;0.97054;0.01;2022.10.12 15:30:07;0.96934;;;76.89
2022.10.12 10:51:42;Sell;0.01;EURUSDrfd;0.97112;0.01;2022.10.12 11:17:31;0.97175;;;-39.98
2022.10.12 10:46:32;Buy;0.01;EURUSDrfd;0.97145;0.01;2022.10.12 10:49:58;0.97078;;;-42.76
2022.10.12 10:36:16;Sell;0.01;EURUSDrfd;0.97151;0.01;2022.10.12 10:40:46;0.97141;;;6.43
2022.10.12 07:15:59;Sell;0.01;EURUSDrfd;0.97151;0.01;2022.10.12 10:28:41;0.97039;;;72.16
2022.10.12 09:48:20;Sell;0.01;EURUSDrfd;0.97285;0.01;2022.10.12 09:59:36;0.97219;;;42.69
2022.10.12 07:03:33;Sell;0.01;EURUSDrfd;0.9703;0.01;2022.10.12 07:03:48;0.9714;;;-70.2
2022.10.11 23:58:59;Commission;;;;;;;;;-4.45
2022.10.11 17:50:55;Buy;0.01;EURUSDrfd;0.97051;0.01;2022.10.11 17:51:59;0.97087;;;22.97
2022.10.11 13:34:17;Buy;0.01;EURUSDrfd;0.97044;0.01;2022.10.11 14:00:33;0.97186;;;90.21
2022.10.11 13:20:07;Sell;0.01;EURUSDrfd;0.96993;0.01;2022.10.11 13:24:31;0.97042;;;-31.3
2022.10.11 10:56:25;Buy;0.01;EURUSDrfd;0.96981;0.01;2022.10.11 13:02:49;0.96944;;;-23.59
2022.10.11 10:39:10;Sell;0.01;EURUSDrfd;0.97177;0.01;2022.10.11 10:56:25;0.96981;;;125.33
2022.10.11 03:21:08;Sell;0.01;EURUSDrfd;0.9717;0.01;2022.10.11 10:35:46;0.97252;;;-52.38
2022.10.11 02:05:51;Sell;0.01;EURUSDrfd;0.97084;0.01;2022.10.11 05:16:08;0.96847;;;148.93
2022.10.11 02:31:50;Buy;0.01;EURUSDrfd;0.97114;0.01;2022.10.11 03:02:04;0.97023;;;-56.96
2022.10.10 23:58:59;Commission;;;;;;;;;-4.38
2022.10.10 17:32:42;Sell;0.01;EURUSDrfd;0.97292;0.01;2022.10.10 20:03:02;0.96945;;;218.05
2022.10.10 10:22:08;Sell;0.01;EURUSDrfd;0.97279;0.01;2022.10.10 17:30:40;0.97459;;;-112.57
2022.10.07 23:59:00;Commission;;;;;;;;;-4.26
2022.10.06 23:58:59;Commission;;;;;;;;;-4.25
2022.10.06 16:05:36;Sell;0.01;EURUSDrfd;0.98515;0.01;2022.10.06 16:28:02;0.98321;;;117.91
2022.10.06 16:03:28;Buy;0.01;EURUSDrfd;0.98602;0.01;2022.10.06 16:05:20;0.98548;;;-32.73
2022.10.06 16:01:17;Buy;0.01;EURUSDrfd;0.9864;0.01;2022.10.06 16:03:04;0.9856;;;-48.48
2022.10.06 11:06:22;Sell;0.01;EURUSDrfd;0.99102;0.01;2022.10.06 14:34:40;0.98724;;;228.03
2022.10.05 23:59:00;Commission;;;;;;;;;-12.62
2022.10.05 17:03:11;Buy;0.01;EURUSDrfd;0.98529;0.01;2022.10.05 18:41:17;0.98649;;;72.08
2022.10.05 17:00:16;Buy;0.01;EURUSDrfd;0.98704;0.01;2022.10.05 18:41:17;0.98649;;;-33.04
2022.10.05 16:52:17;Buy;0.01;EURUSDrfd;0.98702;0.01;2022.10.05 17:00:05;0.98681;;;-12.59
2022.10.05 16:34:51;Sell;0.01;EURUSDrfd;0.98826;0.01;2022.10.05 16:43:14;0.9873;;;57.77
2022.10.05 16:29:25;Buy;0.01;EURUSDrfd;0.9878;0.01;2022.10.05 16:31:21;0.9884;;;35.94
2022.10.05 16:26:49;Sell;0.01;EURUSDrfd;0.9881;0.01;2022.10.05 16:27:58;0.98809;;;0.6
2022.10.05 16:26:14;Buy;0.01;EURUSDrfd;0.98875;0.01;2022.10.05 16:26:40;0.98839;;;-21.54
2022.10.05 15:54:36;Buy;0.01;EURUSDrfd;0.99038;0.01;2022.10.05 15:57:01;0.99039;;;0.6
2022.10.05 12:17:36;Sell;0.01;EURUSDrfd;0.99454;0.01;2022.10.05 12:52:33;0.99224;;;136.92
2022.10.05 11:15:10;Buy;0.01;EURUSDrfd;0.99433;0.01;2022.10.05 11:18:01;0.99347;;;-50.32
2022.10.05 09:06:21;Buy;0.01;EURUSDrfd;0.99647;0.01;2022.10.05 09:09:58;0.99648;;;0.58
2022.10.04 23:59:00;Commission;;;;;;;;;-4.11
2022.10.04 17:38:28;Buy;0.01;EURUSDrfd;0.99381;0.01;2022.10.04 17:59:49;0.99566;;;109.22
2022.10.04 17:37:15;Buy;0.01;EURUSDrfd;0.9939;0.01;2022.10.04 17:38:15;0.99343;;;-27.64
2022.10.04 17:33:55;Buy;0.01;EURUSDrfd;0.99425;0.01;2022.10.04 17:34:24;0.99359;;;-38.8
2022.10.04 16:38:38;Buy;0.01;EURUSDrfd;0.99193;0.01;2022.10.04 17:00:06;0.99361;;;98.44
2022.10.04 15:20:39;Buy;0.01;EURUSDrfd;0.9902;0.01;2022.10.04 15:24:57;0.99145;;;73.07
2022.10.04 14:42:18;Sell;0.01;EURUSDrfd;0.98933;0.01;2022.10.04 15:19:48;0.99028;;;-55.72
2022.10.03 17:46:59;Buy;0.01;EURUSDrfd;0.98075;0.01;2022.10.03 18:10:23;0.98339;;;155.28
2022.10.03 17:27:24;Buy;0.01;EURUSDrfd;0.98233;0.01;2022.10.03 18:10:22;0.98339;;;62.35
2022.10.03 17:44:03;Buy;0.01;EURUSDrfd;0.98162;0.01;2022.10.03 17:46:09;0.9806;;;-60.17
2022.10.03 17:23:27;Sell;0.01;EURUSDrfd;0.98062;0.01;2022.10.03 17:24:32;0.98162;;;-59.36
2022.10.03 17:09:34;Sell;0.01;EURUSDrfd;0.98079;0.01;2022.10.03 17:22:20;0.98066;;;7.73
2022.10.03 12:03:05;Sell;0.01;EURUSDrfd;0.98034;0.01;2022.10.03 17:06:46;0.97998;;;21.23
2022.10.03 10:13:19;Buy;0.01;EURUSDrfd;0.9797;0.01;2022.10.03 11:51:53;0.98072;;;58.28
2022.09.29 12:27:44;Buy;0.01;EURUSDrfd;0.96732;0.01;2022.09.29 17:09:26;0.97514;;;447.41
2022.09.29 12:23:36;Buy;0.01;EURUSDrfd;0.96747;0.01;2022.09.29 12:25:19;0.96691;;;-32.12
2022.09.29 12:12:31;Buy;0.01;EURUSDrfd;0.96817;0.01;2022.09.29 12:19:54;0.96742;;;-42.9
2022.09.29 11:34:22;Buy;0.01;EURUSDrfd;0.96495;0.01;2022.09.29 11:37:56;0.9651;;;8.62
2022.09.28 11:37:34;Buy;0.01;EURUSDrfd;0.95625;0.01;2022.09.28 18:53:40;0.96832;;;692.95
2022.09.28 11:17:04;Buy;0.01;EURUSDrfd;0.9571;0.01;2022.09.28 13:02:20;0.95711;;;0.58
2022.09.28 10:34:41;Sell;0.01;EURUSDrfd;0.95604;0.01;2022.09.28 10:54:34;0.95717;;;-66.48
2022.09.28 10:30:35;Sell;0.01;EURUSDrfd;0.95504;0.01;2022.09.28 10:33:36;0.95597;;;-54.71
2022.09.27 14:58:58;Sell;0.01;EURUSDrfd;0.9641;0.01;2022.09.27 15:58:51;0.96209;;;117.34
2022.09.27 14:47:20;Buy;0.01;EURUSDrfd;0.96453;0.01;2022.09.27 14:59:42;0.96382;;;-41.29
2022.09.27 14:20:47;Buy;0.01;EURUSDrfd;0.96369;0.01;2022.09.27 14:42:20;0.96386;;;9.89
2022.09.27 13:00:55;Sell;0.01;EURUSDrfd;0.96134;0.01;2022.09.27 13:25:36;0.96306;;;-100.25
2022.09.26 17:47:14;Buy;0.01;EURUSDrfd;0.96463;0.01;2022.09.27 09:19:20;0.96661;;;115.49
2022.09.26 17:24:50;Buy;0.01;EURUSDrfd;0.96743;0.01;2022.09.27 09:19:20;0.96661;;;-47.83
2022.09.26 23:58:59;Commission;;;;;;;;;-8.16
2022.09.26 19:32:12;Buy;0.01;EURUSDrfd;0.96131;0.01;2022.09.26 19:57:56;0.96259;;;74.57
2022.09.26 19:24:07;Buy;0.01;EURUSDrfd;0.96172;0.01;2022.09.26 19:47:23;0.96193;;;12.23
2022.09.26 19:04:33;Buy;0.01;EURUSDrfd;0.9615;0.01;2022.09.26 19:23:44;0.96138;;;-6.99
2022.09.26 18:57:52;Buy;0.01;EURUSDrfd;0.96226;0.01;2022.09.26 19:02:17;0.96094;;;-76.9
2022.09.26 17:06:34;Sell;0.01;EURUSDrfd;0.96604;0.01;2022.09.26 17:10:44;0.9653;;;42.89
2022.09.26 15:52:07;Sell;0.01;EURUSDrfd;0.96869;0.01;2022.09.26 17:00:19;0.96764;;;60.99
2022.09.26 15:46:40;Sell;0.01;EURUSDrfd;0.9667;0.01;2022.09.26 15:51:08;0.96812;;;-82.77
2022.09.26 15:37:55;Sell;0.01;EURUSDrfd;0.96636;0.01;2022.09.26 15:44:56;0.96711;;;-43.72
2022.09.26 13:54:48;Sell;0.01;EURUSDrfd;0.9652;0.01;2022.09.26 15:37:21;0.96682;;;-94.38
2022.09.26 12:36:55;Sell;0.01;EURUSDrfd;0.96735;0.01;2022.09.26 13:35:06;0.96505;;;133.31
2022.09.26 10:37:02;Sell;0.01;EURUSDrfd;0.96916;0.01;2022.09.26 11:41:41;0.96888;;;16.32
2022.09.26 10:06:54;Sell;0.01;EURUSDrfd;0.96754;0.01;2022.09.26 11:19:07;0.96635;;;69.4
2022.09.26 10:03:39;Sell;0.01;EURUSDrfd;0.96535;0.01;2022.09.26 11:19:07;0.96635;;;-58.32
2022.09.26 09:43:41;Buy;0.01;EURUSDrfd;0.96318;0.01;2022.09.26 10:01:52;0.96552;;;135.78
2022.09.26 09:33:37;Buy;0.01;EURUSDrfd;0.96453;0.01;2022.09.26 09:54:42;0.96471;;;10.5
2022.09.26 09:26:41;Buy;0.01;EURUSDrfd;0.96503;0.01;2022.09.26 09:42:00;0.96309;;;-113.53
2022.09.26 06:27:34;Sell;0.01;EURUSDrfd;0.96425;0.01;2022.09.26 09:15:53;0.96395;;;17.52
2022.09.16 10:49:16;Sell;0.01;EURUSDrfd;0.99479;0.01;2022.09.23 17:04:42;0.97277;;;1262.16
2022.09.22 23:59:00;Commission;;;;;;;;;0.06
2022.09.21 23:58:59;Commission;;;;;;;;;0.18
2022.09.20 23:58:59;Commission;;;;;;;;;0.06
2022.09.20 17:39:11;Buy;0.01;EURUSDrfd;0.99789;0.01;2022.09.20 17:50:19;0.99904;;;69.36
2022.09.20 17:34:15;Buy;0.01;EURUSDrfd;0.99821;0.01;2022.09.20 17:41:50;0.99823;;;1.2
2022.09.20 17:15:10;Buy;0.01;EURUSDrfd;0.9987;0.01;2022.09.20 17:20:00;0.99805;;;-39.11
2022.09.20 15:54:38;Buy;0.01;EURUSDrfd;0.9969;0.01;2022.09.20 17:06:45;0.9986;;;102.19
2022.09.20 15:21:10;Buy;0.01;EURUSDrfd;0.99813;0.01;2022.09.20 15:22:49;0.99763;;;-29.97
2022.09.20 15:07:55;Buy;0.01;EURUSDrfd;0.99842;0.01;2022.09.20 15:18:41;0.9978;;;-37.13
2022.09.20 15:03:20;Buy;0.01;EURUSDrfd;0.99829;0.01;2022.09.20 15:05:43;0.99787;;;-25.13
2022.09.20 14:59:18;Buy;0.01;EURUSDrfd;0.99893;0.01;2022.09.20 15:02:16;0.99836;;;-34.1
2022.09.20 14:24:53;Buy;0.01;EURUSDrfd;1.00061;0.01;2022.09.20 14:40:11;0.99984;;;-46.04
2022.09.20 11:07:55;Buy;0.01;EURUSDrfd;1.00209;0.01;2022.09.20 11:10:55;1.00125;;;-50.35
2022.09.20 05:59:10;Sell;0.01;EURUSDrfd;1.0032;0.01;2022.09.20 08:58:07;1.0018;;;84.58
2022.09.20 05:41:18;Sell;0.01;EURUSDrfd;1.00232;0.01;2022.09.20 08:58:07;1.0018;;;31.42
2022.09.19 23:58:59;Commission;;;;;;;;;0.06
2022.09.16 23:59:00;Commission;;;;;;;;;0.06
2022.09.08 03:05:33;Buy;0.01;EURUSDrfd;0.99959;0.01;2022.09.16 10:49:16;0.9946;;;-298.9
2022.09.15 23:59:00;Commission;;;;;;;;;-4.18
2022.09.15 17:41:10;Sell;0.01;EURUSDrfd;0.99945;0.01;2022.09.15 19:49:18;1.0006;;;-69.03
2022.09.15 15:01:35;Buy;0.01;EURUSDrfd;0.99868;0.01;2022.09.15 17:27:04;0.9991;;;25.13
2022.09.15 14:34:21;Buy;0.01;EURUSDrfd;0.99881;0.01;2022.09.15 14:58:39;0.9982;;;-36.34
2022.09.15 14:32:12;Sell;0.01;EURUSDrfd;0.9984;0.01;2022.09.15 14:33:59;0.99878;;;-22.76
2022.09.15 14:14:57;Sell;0.01;EURUSDrfd;0.99785;0.01;2022.09.15 14:25:59;0.9985;;;-38.88
2022.09.14 23:59:00;Commission;;;;;;;;;-12.54
2022.09.13 23:59:00;Commission;;;;;;;;;-4.19
2022.09.13 19:03:43;Buy;0.01;EURUSDrfd;0.9992;0.01;2022.09.13 19:30:55;0.99926;;;3.59
2022.09.13 17:43:53;Buy;0.01;EURUSDrfd;1.0019;0.01;2022.09.13 19:01:53;0.999;;;-173.58
2022.09.12 23:59:00;Commission;;;;;;;;;-4.21
2022.09.09 23:58:59;Commission;;;;;;;;;-4.23
2022.09.08 23:59:00;Commission;;;;;;;;;-4.25
2022.09.07 17:53:59;Sell;0.01;EURUSDrfd;0.99474;0.01;2022.09.07 20:05:51;0.99874;;;-243.7
2022.09.07 17:51:15;Sell;0.01;EURUSDrfd;0.99397;0.01;2022.09.07 17:53:27;0.995;;;-62.85
2022.09.07 17:36:25;Sell;0.01;EURUSDrfd;0.99461;0.01;2022.09.07 17:50:22;0.99476;;;-9.15
2022.09.07 17:33:54;Sell;0.01;EURUSDrfd;0.99428;0.01;2022.09.07 17:34:40;0.9948;;;-31.72
2022.09.07 15:08:07;Buy;0.01;EURUSDrfd;0.98834;0.01;2022.09.07 17:30:40;0.9942;;;356.46
2022.09.07 15:16:04;Buy;0.01;EURUSDrfd;0.9887;0.01;2022.09.07 17:25:22;0.99302;;;262.94
2022.09.07 14:59:32;Buy;0.01;EURUSDrfd;0.98799;0.01;2022.09.07 15:03:31;0.98753;;;-28.05
2022.09.07 12:28:44;Buy;0.01;EURUSDrfd;0.99011;0.01;2022.09.07 15:03:31;0.98753;;;-157.3
2022.09.07 14:38:14;Buy;0.01;EURUSDrfd;0.98801;0.01;2022.09.07 14:58:39;0.98802;;;0.61
2022.09.07 11:03:34;Buy;0.01;EURUSDrfd;0.99287;0.01;2022.09.07 14:38:02;0.98791;;;-302.36
2022.09.07 10:10:18;Sell;0.01;EURUSDrfd;0.99017;0.01;2022.09.07 10:56:14;0.9914;;;-75.48
2022.09.07 09:41:49;Sell;0.01;EURUSDrfd;0.99031;0.01;2022.09.07 09:48:33;0.9908;;;-29.94
2022.09.07 05:45:46;Sell;0.01;EURUSDrfd;0.98902;0.01;2022.09.07 09:48:33;0.9908;;;-108.77
2022.09.06 18:08:00;Sell;0.01;EURUSDrfd;0.99234;0.01;2022.09.06 20:42:07;0.99004;;;140.54
2022.09.06 17:26:59;Sell;0.01;EURUSDrfd;0.99006;0.01;2022.09.06 20:42:07;0.99004;;;1.22
2022.09.06 17:51:49;Buy;0.01;EURUSDrfd;0.99065;0.01;2022.09.06 18:04:30;0.99188;;;74.86
2022.09.06 17:21:55;Sell;0.01;EURUSDrfd;0.9889;0.01;2022.09.06 17:26:23;0.99076;;;-113.75
2022.09.05 12:36:42;Buy;0.01;EURUSDrfd;0.99162;0.01;2022.09.05 13:18:24;0.99363;;;122.55
2022.09.02 17:59:31;Sell;0.01;EURUSDrfd;1.00289;0.01;2022.09.05 02:47:19;0.9912;;;709.98
2022.09.02 23:59:00;Commission;;;;;;;;;0.06
2022.09.02 17:39:48;Sell;0.01;EURUSDrfd;1.00074;0.01;2022.09.02 19:29:04;0.99792;;;171.27
2022.09.02 14:53:05;Sell;0.01;EURUSDrfd;1.00001;0.01;2022.09.02 19:24:55;0.9993;;;43.12
2022.09.02 15:30:59;Sell;0.01;EURUSDrfd;1.00257;0.01;2022.09.02 17:50:39;1.00248;;;5.45
2022.09.02 16:20:46;Sell;0.01;EURUSDrfd;1.00109;0.01;2022.09.02 16:31:20;0.9999;;;72.01
2022.09.02 16:14:56;Sell;0.01;EURUSDrfd;1.00059;0.01;2022.09.02 16:19:39;1.0016;;;-61.03
2022.09.02 14:10:18;Sell;0.01;EURUSDrfd;0.99927;0.01;2022.09.02 14:52:21;1.00034;;;-64.73
2022.09.02 13:42:25;Buy;0.01;EURUSDrfd;0.99984;0.01;2022.09.02 14:10:13;0.99929;;;-33.13
2022.09.02 13:24:55;Sell;0.01;EURUSDrfd;1.00043;0.01;2022.09.02 13:37:17;0.99977;;;39.93
2022.09.02 12:18:39;Buy;0.01;EURUSDrfd;0.99786;0.01;2022.09.02 12:41:29;0.99957;;;102.95
2022.09.02 12:07:55;Buy;0.01;EURUSDrfd;0.99705;0.01;2022.09.02 12:41:29;0.99957;;;151.71
2022.09.02 10:20:16;Buy;0.01;EURUSDrfd;0.99862;0.01;2022.09.02 12:41:29;0.99957;;;57.19
2022.09.02 12:01:18;Buy;0.01;EURUSDrfd;0.9978;0.01;2022.09.02 12:07:49;0.99705;;;-45.12
2022.09.02 11:58:48;Buy;0.01;EURUSDrfd;0.99762;0.01;2022.09.02 11:59:53;0.99716;;;-27.68
2022.09.02 11:41:36;Buy;0.01;EURUSDrfd;0.99789;0.01;2022.09.02 11:59:53;0.99716;;;-43.92
2022.09.02 09:44:37;Sell;0.01;EURUSDrfd;0.99722;0.01;2022.09.02 09:49:50;0.99785;;;-38.05
2022.09.02 09:36:27;Sell;0.01;EURUSDrfd;0.9968;0.01;2022.09.02 09:45:24;0.99751;;;-42.89
2022.09.01 14:45:22;Sell;0.01;EURUSDrfd;1.00168;0.01;2022.09.01 15:23:29;1.00017;;;91.04
2022.08.31 18:03:45;Sell;0.01;EURUSDrfd;1.0049;0.01;2022.08.31 18:11:55;1.00463;;;16.3
2022.08.31 14:55:25;Buy;0.01;EURUSDrfd;1.00034;0.01;2022.08.31 17:18:15;1.00262;;;137.02
2022.08.31 14:50:41;Sell;0.01;EURUSDrfd;0.99937;0.01;2022.08.31 15:15:07;1.00067;;;-78.34
2022.08.23 16:31:15;Balance;;;;;;;;;4950
